Date,HomeTeam,AwayTeam,FTR,HTHG,HTAG,HS,AS,HST,AST,HF,AF,HC,AC,HY,AY,HR,AR,B365H,B365D,B365A
2022-08-05,Crystal Palace,Arsenal,A,0,1,10,10,2,2,16,11,3,5,1,2,0,0,4.2,3.6,1.85
2022-08-06,Fulham,Liverpool,D,1,0,9,11,3,4,7,9,4,4,2,0,0,0,11.0,6.0,1.25
2022-08-06,Bournemouth,Aston Villa,H,1,0,7,15,3,2,18,16,5,5,3,3,0,0,3.75,3.5,2.0
2022-08-06,Leeds,Wolves,H,1,1,12,15,4,6,13,9,6,4,2,0,0,0,2.25,3.4,3.2
2022-08-06,Newcastle,Nott'm Forest,H,0,0,23,5,10,0,9,14,11,1,0,3,0,0,1.66,3.8,5.25
2022-08-06,Tottenham,Southampton,H,2,1,18,10,8,2,11,6,10,2,3,0,0,0,1.33,5.5,8.5
2022-08-06,Everton,Chelsea,A,0,1,8,15,4,6,14,11,4,16,3,2,0,0,5.5,4.0,1.61
2022-08-07,Leicester,Brentford,D,1,0,14,8,5,3,6,5,5,6,0,0,0,0,2.0,3.75,3.5
2022-08-07,Man United,Brighton,A,0,2,17,15,5,4,7,12,6,2,4,1,0,0,1.6,4.2,5.25
2022-08-07,West Ham,Man City,A,0,1,6,14,1,2,8,4,1,4,0,1,0,0,8.0,5.0,1.36
2022-08-13,Wolves,Fulham,D,0,0,7,9,1,3,7,14,5,3,3,3,0,0,2.3,3.3,3.2
2022-08-13,Southampton,Leeds,D,0,0,14,13,4,5,10,12,2,5,1,3,0,0,2.25,3.5,3.1
2022-08-13,Man City,Bournemouth,H,3,0,19,3,7,1,9,9,11,1,0,3,0,0,1.06,13.0,29.0
2022-08-13,Brentford,Man United,H,4,0,13,15,7,4,6,15,8,2,0,4,0,0,3.75,3.5,2.0
2022-08-13,Arsenal,Leicester,H,2,0,19,6,7,2,15,9,6,2,1,1,0,0,1.53,4.33,5.75
2022-08-13,Aston Villa,Everton,H,1,0,12,15,4,4,9,7,5,8,4,1,0,0,1.8,3.5,4.75
2022-08-13,Brighton,Newcastle,D,0,0,13,4,7,1,8,6,7,3,2,3,0,0,2.45,3.2,3.0
2022-08-14,Nott'm Forest,West Ham,H,1,0,13,19,6,5,10,11,6,7,4,1,0,0,4.2,3.6,1.85
2022-08-14,Chelsea,Tottenham,D,1,0,16,10,3,5,9,9,8,5,3,0,0,0,2.25,3.4,3.2
2022-08-15,Liverpool,Crystal Palace,D,0,1,24,7,4,3,7,8,4,2,2,4,1,0,1.18,6.75,16.0
2022-08-20,Bournemouth,Arsenal,A,0,2,6,14,1,6,12,10,3,4,2,1,0,0,8.0,4.75,1.4
2022-08-20,Leicester,Southampton,A,0,0,6,9,1,3,11,15,2,5,2,3,0,0,1.83,4.0,4.0
2022-08-20,Fulham,Brentford,H,2,1,18,13,9,5,13,7,6,3,3,2,0,0,2.45,3.4,2.9
2022-08-20,Crystal Palace,Aston Villa,H,1,1,17,13,9,5,16,14,4,2,2,1,0,0,2.5,3.25,2.9
2022-08-20,Tottenham,Wolves,H,0,0,11,20,4,3,10,8,8,6,2,2,0,0,1.4,4.75,7.5
2022-08-20,Everton,Nott'm Forest,D,0,0,19,14,8,5,6,9,6,2,3,2,0,0,1.9,3.6,4.0
2022-08-21,Leeds,Chelsea,H,2,0,12,14,6,3,16,15,4,6,0,1,0,1,5.75,4.5,1.53
2022-08-21,West Ham,Brighton,A,0,1,13,11,3,2,10,7,5,4,2,0,0,0,2.3,3.4,3.1
2022-08-21,Newcastle,Man City,D,2,1,12,21,6,10,14,7,5,5,4,2,0,0,7.5,5.0,1.36
2022-08-22,Man United,Liverpool,H,1,0,12,17,4,5,11,7,6,8,3,1,0,0,5.25,4.33,1.6
2022-08-27,Man City,Crystal Palace,H,0,2,18,2,5,2,14,8,6,1,1,2,0,0,1.18,7.5,13.0
2022-08-27,Arsenal,Fulham,H,0,0,22,11,8,3,6,12,9,2,2,3,0,0,1.3,5.75,9.0
2022-08-27,Chelsea,Leicester,H,0,0,7,17,3,5,10,7,3,11,1,2,1,0,1.4,5.0,7.0
2022-08-27,Liverpool,Bournemouth,H,5,0,19,5,12,2,6,5,8,1,0,1,0,0,1.1,10.0,26.0
2022-08-27,Brentford,Everton,D,0,1,19,14,5,7,8,8,8,5,2,2,0,0,2.0,3.5,3.75
2022-08-27,Southampton,Man United,A,0,0,17,11,5,6,4,14,5,3,0,3,0,0,4.2,4.0,1.8
2022-08-27,Brighton,Leeds,H,0,0,13,10,4,2,10,14,5,3,2,3,0,0,1.9,3.8,3.8
2022-08-28,Aston Villa,West Ham,A,0,0,9,7,3,2,10,10,3,2,2,0,0,0,2.3,3.4,3.1
2022-08-28,Wolves,Newcastle,D,1,0,10,21,4,6,10,11,4,13,2,1,0,0,2.7,3.3,2.7
2022-08-28,Nott'm Forest,Tottenham,A,0,1,17,18,1,7,11,13,6,1,6,1,0,0,7.0,4.6,1.44
2022-08-30,Leeds,Everton,D,0,1,14,7,5,2,10,9,10,2,3,3,0,0,2.15,3.5,3.3
2022-08-30,Crystal Palace,Brentford,D,0,0,13,9,4,3,11,8,4,6,1,2,0,0,2.05,3.4,3.6
2022-08-30,Fulham,Brighton,H,0,0,10,7,3,4,9,11,3,3,2,1,0,0,3.1,3.3,2.3
2022-08-30,Southampton,Chelsea,H,2,1,9,10,7,4,15,10,5,3,2,1,0,0,5.25,4.0,1.61
2022-08-31,Arsenal,Aston Villa,H,1,0,22,4,9,3,10,14,10,3,2,3,0,0,1.45,4.5,6.0
2022-08-31,Bournemouth,Wolves,D,0,0,5,17,2,4,12,12,2,5,2,1,0,0,3.5,3.3,2.15
2022-08-31,Man City,Nott'm Forest,H,3,0,17,8,9,1,9,7,10,1,0,1,0,0,1.06,13.0,29.0
2022-08-31,West Ham,Tottenham,D,0,1,14,13,4,4,10,9,3,4,2,5,0,0,3.6,3.8,1.95
2022-08-31,Liverpool,Newcastle,H,0,1,23,5,6,2,9,10,13,0,0,2,0,0,1.33,5.25,9.0
2022-09-01,Leicester,Man United,A,0,1,10,9,2,2,7,15,1,3,1,3,0,0,3.4,3.75,2.05
2022-09-03,Brentford,Leeds,H,2,1,14,17,8,6,8,9,2,6,2,2,0,0,2.1,3.5,3.4
2022-09-03,Wolves,Southampton,H,1,0,7,12,2,1,10,14,5,6,4,2,0,0,2.2,3.4,3.25
2022-09-03,Aston Villa,Man City,D,0,0,3,13,1,4,7,6,1,4,2,0,0,0,8.0,5.5,1.33
2022-09-03,Tottenham,Fulham,H,1,0,23,9,10,3,9,6,10,3,3,4,0,0,1.5,4.5,6.5
2022-09-03,Everton,Liverpool,D,0,0,14,23,3,8,7,11,7,9,2,2,0,0,7.0,4.75,1.4
2022-09-03,Newcastle,Crystal Palace,D,0,0,23,19,6,9,19,12,13,5,2,1,0,0,2.0,3.5,3.75
2022-09-03,Chelsea,West Ham,H,0,0,8,6,3,3,6,11,10,3,4,2,0,0,1.55,4.5,5.5
2022-09-03,Nott'm Forest,Bournemouth,A,2,0,11,8,3,3,13,10,4,6,2,1,0,0,1.95,3.5,3.8
2022-09-04,Brighton,Leicester,H,2,2,23,6,11,4,6,8,10,1,1,1,0,0,1.83,3.5,4.5
2022-09-04,Man United,Arsenal,H,1,0,10,16,6,3,13,9,2,5,3,3,0,0,2.5,3.5,2.7
2022-09-16,Aston Villa,Southampton,H,1,0,11,7,3,1,13,13,6,3,3,1,0,0,2.1,3.5,3.5
2022-09-16,Nott'm Forest,Fulham,A,1,0,11,15,3,7,11,10,2,10,2,4,0,0,2.75,3.3,2.62
2022-09-17,Wolves,Man City,A,0,2,6,16,1,7,7,9,5,7,2,1,1,0,9.5,5.0,1.33
2022-09-17,Newcastle,Bournemouth,D,0,0,20,10,7,3,10,11,8,1,2,2,0,0,1.44,4.4,7.5
2022-09-17,Tottenham,Leicester,H,2,2,16,19,11,7,9,9,6,1,1,2,0,0,1.45,4.5,7.0
2022-09-18,Brentford,Arsenal,A,0,2,5,13,2,7,10,10,3,3,0,2,0,0,4.2,3.8,1.8
2022-09-18,Everton,West Ham,H,0,0,7,14,2,4,8,11,5,14,3,1,0,0,2.9,3.25,2.5
2022-10-01,Southampton,Everton,A,0,0,22,12,6,5,11,10,7,6,2,2,0,0,2.15,3.4,3.4
2022-10-01,West Ham,Wolves,H,1,0,18,15,5,4,8,6,1,6,2,2,0,0,1.95,3.5,4.2
2022-10-01,Liverpool,Brighton,D,1,2,15,6,7,6,9,13,9,2,1,1,0,0,1.33,5.25,8.5
2022-10-01,Crystal Palace,Chelsea,A,1,1,7,13,3,3,11,13,5,2,1,3,0,0,4.2,3.6,1.85
2022-10-01,Fulham,Newcastle,A,0,3,3,19,1,10,9,10,1,8,2,0,1,0,3.0,3.4,2.37
2022-10-01,Bournemouth,Brentford,D,0,0,7,13,1,4,11,10,7,8,1,2,0,0,3.3,3.4,2.2
2022-10-01,Arsenal,Tottenham,H,1,1,22,7,9,3,10,10,5,2,2,1,0,1,2.05,3.75,3.3
2022-10-02,Man City,Man United,H,4,0,22,12,10,8,3,9,5,1,0,3,0,0,1.33,5.75,7.5
2022-10-02,Leeds,Aston Villa,D,0,0,9,19,1,7,23,12,2,9,3,2,1,0,2.35,3.4,3.0
2022-10-03,Leicester,Nott'm Forest,H,3,0,17,10,7,3,13,12,6,6,2,4,0,0,1.75,4.0,4.33
2022-10-08,Bournemouth,Leicester,H,0,1,10,9,4,5,8,16,7,2,1,2,0,0,3.6,3.4,2.05
2022-10-08,Chelsea,Wolves,H,1,0,20,8,7,2,8,8,4,2,2,0,0,0,1.4,4.5,8.0
2022-10-08,Man City,Southampton,H,2,0,21,5,8,0,4,8,9,1,0,1,0,0,1.11,10.0,17.0
2022-10-08,Newcastle,Brentford,H,2,0,16,6,6,3,14,9,9,5,0,1,0,0,1.83,3.8,4.2
2022-10-08,Brighton,Tottenham,A,0,1,14,8,4,3,9,14,6,2,1,2,0,0,2.8,3.4,2.5
2022-10-09,Crystal Palace,Leeds,H,1,1,13,10,5,4,13,23,5,3,3,3,0,0,2.05,3.5,3.6
2022-10-09,West Ham,Fulham,H,1,1,17,8,8,2,9,7,4,2,1,3,0,0,1.72,3.8,4.75
2022-10-09,Arsenal,Liverpool,H,2,1,11,8,7,3,11,11,4,3,1,2,0,0,2.5,3.6,2.62
2022-10-09,Everton,Man United,A,1,2,11,12,2,4,7,13,5,4,2,1,0,0,3.6,3.5,2.05
2022-10-10,Nott'm Forest,Aston Villa,D,1,1,6,12,3,2,13,19,1,4,3,3,0,0,3.3,3.4,2.2
2022-10-14,Brentford,Brighton,H,1,0,7,21,3,7,12,15,2,11,3,1,0,0,3.1,3.4,2.3
2022-10-15,Leicester,Crystal Palace,D,0,0,14,8,5,1,18,13,9,2,2,2,0,0,2.3,3.4,3.1
2022-10-15,Fulham,Bournemouth,D,1,2,19,10,4,6,9,11,5,6,2,0,0,0,1.85,3.75,4.0
2022-10-15,Wolves,Nott'm Forest,H,0,0,9,10,2,2,17,13,4,5,2,2,0,0,1.7,3.75,5.0
2022-10-15,Tottenham,Everton,H,0,0,21,4,7,0,12,13,7,1,1,4,0,0,1.5,4.5,6.5
2022-10-16,Aston Villa,Chelsea,A,0,1,18,8,7,4,12,11,7,1,0,3,0,0,4.33,3.75,1.8
2022-10-16,Leeds,Arsenal,A,0,1,16,9,4,4,10,11,6,3,0,2,0,0,6.0,4.2,1.55
2022-10-16,Man United,Newcastle,D,0,0,15,9,2,2,13,11,4,4,3,1,0,0,1.95,3.8,3.5
2022-10-16,Southampton,West Ham,D,1,0,10,25,8,4,7,3,4,14,1,1,0,0,2.9,3.4,2.4
2022-10-16,Liverpool,Man City,H,0,0,13,16,2,6,10,7,5,6,3,1,0,0,3.6,4.0,1.9
2022-10-18,Brighton,Nott'm Forest,D,0,0,19,3,7,0,10,14,9,1,3,1,0,0,1.4,4.75,7.0
2022-10-18,Crystal Palace,Wolves,H,0,1,14,10,4,4,14,18,4,3,3,1,0,0,2.25,3.1,3.4
2022-10-19,Bournemouth,Southampton,A,0,1,15,9,3,3,8,13,7,3,1,3,0,0,2.62,3.3,2.62
2022-10-19,Brentford,Chelsea,D,0,0,8,14,5,5,7,7,6,2,0,0,0,0,4.75,3.8,1.72
2022-10-19,Liverpool,West Ham,H,1,0,22,8,7,3,9,8,8,3,0,0,0,0,1.4,5.0,7.0
2022-10-19,Newcastle,Everton,H,1,0,16,1,4,0,9,12,8,2,2,4,0,0,1.6,3.8,5.75
2022-10-19,Man United,Tottenham,H,0,0,28,9,10,2,7,7,8,3,1,0,0,0,2.45,3.5,2.75
2022-10-20,Leicester,Leeds,H,2,0,5,14,1,2,15,11,2,9,2,1,0,0,2.25,3.6,3.0
2022-10-20,Fulham,Aston Villa,H,1,0,18,12,8,6,11,11,9,7,0,2,0,1,2.9,3.3,2.5
2022-10-22,Nott'm Forest,Liverpool,H,0,0,10,15,7,7,14,8,2,11,2,1,0,0,11.0,6.0,1.25
2022-10-22,Everton,Crystal Palace,H,1,0,9,9,6,2,16,14,3,4,3,4,0,0,2.6,3.2,2.87
2022-10-22,Man City,Brighton,H,2,0,10,8,4,2,11,12,7,3,1,3,0,0,1.2,7.0,13.0
2022-10-22,Chelsea,Man United,D,0,0,6,13,2,6,8,10,6,4,1,4,0,0,2.05,3.5,3.5
2022-10-23,Aston Villa,Brentford,H,3,0,19,12,11,3,14,11,7,6,1,0,0,0,2.1,3.5,3.5
2022-10-23,Leeds,Fulham,A,1,1,14,11,5,5,12,8,3,6,1,1,0,0,2.05,3.5,3.6
2022-10-23,Southampton,Arsenal,D,0,1,10,12,3,3,11,8,9,4,2,1,0,0,6.0,4.0,1.57
2022-10-23,Wolves,Leicester,A,0,2,21,5,5,4,10,13,9,2,2,1,0,0,2.25,3.25,3.25
2022-10-23,Tottenham,Newcastle,A,0,2,17,13,5,5,12,6,6,7,4,2,0,0,2.05,3.5,3.5
2022-10-24,West Ham,Bournemouth,H,1,0,20,5,4,3,9,11,5,0,0,2,0,0,1.55,4.0,6.0
2022-10-29,Crystal Palace,Southampton,H,1,0,12,14,3,4,13,12,8,4,3,3,0,0,1.9,3.6,4.0
2022-10-29,Liverpool,Leeds,A,1,1,22,14,10,6,9,3,14,5,0,1,0,0,1.3,6.0,9.0
2022-10-29,Fulham,Everton,D,0,0,24,9,6,4,10,8,13,4,2,1,0,0,2.37,3.4,3.0
2022-10-29,Newcastle,Aston Villa,H,1,0,20,3,7,0,11,11,3,0,1,1,0,0,1.8,3.75,4.5
2022-10-29,Brentford,Wolves,D,0,0,12,14,3,4,10,17,3,6,3,3,0,1,2.2,3.4,3.3
2022-10-29,Bournemouth,Tottenham,A,1,0,6,23,4,7,10,5,2,19,1,2,0,0,5.0,3.8,1.7
2022-10-29,Leicester,Man City,A,0,0,10,15,5,5,5,10,3,10,0,0,0,0,10.0,6.5,1.25
2022-10-29,Brighton,Chelsea,H,3,0,19,15,9,7,16,6,8,7,1,2,0,0,3.0,3.3,2.4
2022-10-30,Arsenal,Nott'm Forest,H,1,0,24,5,10,2,9,8,9,4,0,1,0,0,1.2,7.0,12.0
2022-10-30,Man United,West Ham,H,1,0,16,13,3,5,12,10,5,10,1,3,0,0,1.66,4.0,4.8
2022-11-05,Leeds,Bournemouth,H,1,2,18,9,4,6,16,10,13,3,2,2,0,0,1.72,3.8,4.75
2022-11-05,Man City,Fulham,H,1,1,16,4,5,2,6,11,9,0,2,4,1,0,1.11,9.5,19.0
2022-11-05,Nott'm Forest,Brentford,D,1,1,15,6,7,2,10,11,3,3,2,2,0,0,2.75,3.3,2.6
2022-11-05,Wolves,Brighton,A,2,2,8,19,5,8,15,11,4,9,2,0,1,0,3.3,3.3,2.25
2022-11-05,Everton,Leicester,A,0,1,12,22,2,8,9,5,8,3,0,0,0,0,2.4,3.3,3.0
2022-11-06,West Ham,Crystal Palace,A,1,1,5,15,2,6,10,7,2,5,1,1,0,0,1.9,3.4,4.2
2022-11-06,Southampton,Newcastle,A,0,1,16,7,5,4,7,10,8,2,1,0,0,0,4.0,3.6,1.9
2022-11-06,Tottenham,Liverpool,A,0,2,14,13,5,6,10,8,5,3,0,0,0,0,3.3,3.6,2.1
2022-11-06,Chelsea,Arsenal,A,0,0,5,14,1,2,20,13,4,6,5,2,0,0,2.55,3.4,2.7
2022-11-06,Aston Villa,Man United,H,2,1,6,8,4,3,6,12,3,5,3,3,0,0,3.3,3.8,2.1
2022-11-12,Newcastle,Chelsea,H,0,0,10,5,3,2,14,11,5,3,3,2,0,0,2.35,3.4,3.0
2022-11-12,West Ham,Leicester,A,0,1,18,9,6,6,9,8,7,2,3,1,0,0,2.05,3.4,3.75
2022-11-12,Wolves,Arsenal,A,0,0,11,14,2,4,5,6,6,4,3,2,0,0,6.0,4.2,1.55
2022-11-12,Tottenham,Leeds,H,1,2,14,12,8,5,8,7,9,2,1,1,0,1,1.65,4.2,4.75
2022-11-12,Nott'm Forest,Crystal Palace,H,0,0,9,8,2,0,11,13,1,5,1,4,0,0,3.1,3.1,2.45
2022-11-12,Liverpool,Southampton,H,3,1,15,9,7,5,8,8,6,0,0,2,0,0,1.25,6.5,11.0
2022-11-12,Bournemouth,Everton,H,2,0,16,15,9,3,12,8,3,5,2,0,0,0,2.8,3.25,2.6
2022-11-12,Man City,Brentford,A,1,1,29,10,6,8,9,7,10,2,2,2,0,0,1.14,8.0,17.0
2022-11-13,Brighton,Aston Villa,A,1,1,7,8,2,2,14,11,11,4,2,7,0,0,1.83,3.75,4.2
2022-11-13,Fulham,Man United,A,0,1,14,14,7,9,9,10,10,3,1,1,0,0,3.8,3.8,1.9
2022-12-26,Brentford,Tottenham,D,1,0,9,16,5,8,11,10,6,5,3,1,0,0,4.0,3.6,1.91
2022-12-26,Crystal Palace,Fulham,A,0,1,4,23,0,11,12,15,1,8,0,0,2,0,2.05,3.6,3.5
2022-12-26,Everton,Wolves,A,1,1,12,7,6,4,9,22,2,2,1,6,0,0,2.3,3.25,3.2
2022-12-26,Leicester,Newcastle,A,0,3,8,12,2,5,9,6,5,5,0,0,0,0,3.25,3.5,2.2
2022-12-26,Southampton,Brighton,A,0,2,14,7,4,4,9,10,4,2,1,2,0,0,3.3,3.5,2.15
2022-12-26,Aston Villa,Liverpool,A,0,2,12,16,6,9,7,12,0,6,0,0,0,0,4.75,4.0,1.7
2022-12-26,Arsenal,West Ham,H,0,1,16,8,5,4,13,17,7,5,0,2,0,0,1.5,4.33,6.5
2022-12-27,Chelsea,Bournemouth,H,2,0,15,9,5,4,8,10,6,8,0,0,0,0,1.3,5.5,10.0
2022-12-27,Man United,Nott'm Forest,H,2,0,17,8,8,3,13,4,9,9,3,1,0,0,1.29,5.5,11.0
2022-12-28,Leeds,Man City,A,0,1,9,26,1,9,11,14,3,5,3,3,0,0,9.5,6.0,1.29
2022-12-30,Liverpool,Leicester,H,2,1,21,7,5,2,8,15,4,5,0,1,0,0,1.29,6.0,9.5
2022-12-30,West Ham,Brentford,A,0,2,20,9,5,6,9,5,8,1,1,0,0,0,2.0,3.6,3.6
2022-12-31,Wolves,Man United,A,0,0,10,16,3,6,11,11,7,5,1,3,0,0,4.0,3.6,1.91
2022-12-31,Bournemouth,Crystal Palace,A,0,2,6,15,2,6,17,11,2,7,4,1,0,0,2.8,3.3,2.5
2022-12-31,Fulham,Southampton,H,1,0,8,9,2,3,8,13,4,4,0,1,0,0,1.95,3.6,3.75
2022-12-31,Man City,Everton,D,1,0,16,2,3,1,13,14,7,1,3,4,0,0,1.13,9.0,19.0
2022-12-31,Newcastle,Leeds,D,0,0,16,8,5,1,13,19,9,3,3,5,0,0,1.45,4.5,7.0
2022-12-31,Brighton,Arsenal,A,0,2,9,14,5,7,7,11,7,4,3,3,0,0,3.4,3.5,2.1
2023-01-01,Tottenham,Aston Villa,A,0,0,6,13,2,4,15,10,5,3,4,3,0,0,1.67,4.0,5.0
2023-01-01,Nott'm Forest,Chelsea,D,0,1,12,7,5,2,16,14,1,2,2,2,0,0,5.0,3.8,1.7
2023-01-02,Brentford,Liverpool,H,2,0,10,16,7,6,5,8,4,9,1,3,0,0,5.5,4.33,1.55
2023-01-03,Arsenal,Newcastle,D,0,0,17,8,4,1,10,16,5,5,4,4,0,0,1.8,3.8,4.33
2023-01-03,Everton,Brighton,A,0,1,10,19,4,8,8,10,5,2,3,1,0,0,3.5,3.5,2.1
2023-01-03,Leicester,Fulham,A,0,1,15,11,6,2,12,11,6,3,2,6,0,0,2.2,3.6,3.1
2023-01-03,Man United,Bournemouth,H,1,0,18,7,6,4,13,7,6,5,0,3,0,0,1.29,5.5,11.0
2023-01-04,Aston Villa,Wolves,D,0,1,13,10,4,3,6,12,7,8,1,3,0,0,1.95,3.6,4.0
2023-01-04,Crystal Palace,Tottenham,A,0,0,19,14,4,6,11,8,10,4,1,2,0,0,3.4,3.5,2.15
2023-01-04,Southampton,Nott'm Forest,A,0,1,8,11,0,1,14,17,6,2,2,2,0,0,2.0,3.5,3.8
2023-01-04,Leeds,West Ham,D,1,1,14,15,6,2,11,18,8,1,3,1,0,0,2.6,3.5,2.6
2023-01-05,Chelsea,Man City,A,0,0,8,12,2,3,9,9,3,2,2,0,0,0,5.0,4.0,1.67
2023-01-12,Fulham,Chelsea,H,1,0,8,20,3,10,12,16,5,7,4,3,0,1,3.3,3.5,2.15
2023-01-13,Aston Villa,Leeds,H,1,0,11,16,5,4,12,8,0,11,2,2,0,0,1.91,3.6,4.0
2023-01-14,Brentford,Bournemouth,H,1,0,12,7,4,2,5,9,5,3,1,1,0,0,1.65,4.0,5.25
2023-01-14,Nott'm Forest,Leicester,H,0,0,15,6,5,1,11,12,3,5,1,2,0,0,2.7,3.3,2.63
2023-01-14,Wolves,West Ham,H,0,0,17,16,4,4,10,7,4,3,0,2,0,0,2.63,3.3,2.7
2023-01-14,Brighton,Liverpool,H,0,0,16,6,9,2,8,15,7,1,1,3,0,0,3.4,3.6,2.1
2023-01-14,Man United,Man City,H,0,0,8,5,4,1,15,5,1,2,3,0,0,0,4.2,3.6,1.85
2023-01-14,Everton,Southampton,A,1,0,12,13,4,5,7,19,6,4,0,3,0,0,2.25,3.25,3.3
2023-01-15,Chelsea,Crystal Palace,H,0,0,15,10,5,5,10,17,11,7,2,5,0,0,1.62,4.0,5.25
2023-01-15,Newcastle,Fulham,H,0,0,20,5,5,0,6,14,10,5,1,3,0,0,1.5,4.33,6.5
2023-01-15,Tottenham,Arsenal,A,0,2,17,14,7,5,16,15,4,3,4,2,0,0,3.1,3.6,2.2
2023-01-18,Crystal Palace,Man United,D,0,1,10,15,5,4,9,10,3,3,1,2,0,0,4.5,3.6,1.8
2023-01-19,Man City,Tottenham,H,0,2,16,9,6,3,10,14,8,3,1,2,0,0,1.36,5.0,8.5
2023-01-21,Crystal Palace,Newcastle,D,0,0,6,16,1,7,13,7,3,15,4,2,0,0,4.4,3.5,1.85
2023-01-21,West Ham,Everton,H,2,0,11,5,4,2,9,6,4,9,1,1,0,0,1.8,3.75,4.75
2023-01-21,Southampton,Aston Villa,A,0,0,8,16,5,5,19,9,2,2,1,2,0,0,2.88,3.25,2.55
2023-01-21,Bournemouth,Nott'm Forest,D,1,0,16,20,4,5,10,7,4,6,1,2,0,0,2.75,3.1,2.75
2023-01-21,Liverpool,Chelsea,D,0,0,15,11,3,2,16,9,5,5,3,1,0,0,1.85,3.75,4.0
2023-01-21,Leicester,Brighton,D,1,1,9,13,2,4,9,9,5,6,0,1,0,0,3.6,3.5,2.05
2023-01-22,Leeds,Brentford,D,0,0,9,6,5,0,10,18,2,3,2,2,0,0,2.38,3.6,2.88
2023-01-22,Man City,Wolves,H,1,0,13,10,7,1,10,10,5,7,1,2,0,0,1.2,8.0,11.0
2023-01-22,Arsenal,Man United,H,1,1,25,6,5,4,8,9,12,4,1,2,0,0,1.8,3.8,4.2
2023-01-23,Fulham,Tottenham,A,0,1,10,10,5,3,10,10,3,8,1,3,0,0,3.3,3.6,2.1
2023-02-03,Chelsea,Fulham,D,0,0,12,10,3,4,16,12,6,2,1,4,0,0,1.62,4.0,5.25
2023-02-04,Everton,Arsenal,H,0,0,12,15,4,3,13,8,7,5,4,1,0,0,8.5,4.5,1.4
2023-02-04,Aston Villa,Leicester,A,2,3,19,9,4,5,10,10,11,3,0,2,0,0,1.95,3.6,3.8
2023-02-04,Brentford,Southampton,H,2,0,14,14,4,6,10,9,4,4,1,2,0,0,1.85,3.6,4.2
2023-02-04,Brighton,Bournemouth,H,0,0,20,12,6,2,14,7,7,3,3,1,0,0,1.33,5.25,8.5
2023-02-04,Man United,Crystal Palace,H,1,0,14,10,5,3,9,9,5,5,1,2,1,0,1.4,4.75,8.0
2023-02-04,Wolves,Liverpool,H,2,0,12,22,6,4,9,7,2,7,1,1,0,0,4.0,3.8,1.85
2023-02-04,Newcastle,West Ham,D,1,1,8,10,2,1,11,13,4,2,2,1,0,0,1.6,3.8,6.0
2023-02-05,Nott'm Forest,Leeds,H,1,0,6,10,2,4,15,14,0,2,4,2,0,0,2.63,3.3,2.7
2023-02-05,Tottenham,Man City,H,1,0,12,15,3,5,19,14,4,6,2,3,1,0,4.33,4.2,1.73
2023-02-08,Man United,Leeds,D,0,1,24,8,7,2,7,11,6,5,1,3,0,0,1.45,5.0,6.0
2023-02-11,West Ham,Chelsea,D,1,1,10,12,2,4,9,11,5,6,1,1,0,0,3.3,3.3,2.25
2023-02-11,Arsenal,Brentford,D,0,0,23,9,7,2,9,9,7,4,0,2,0,0,1.44,4.75,7.0
2023-02-11,Crystal Palace,Brighton,D,0,0,6,17,1,7,10,11,1,6,4,1,0,0,3.8,3.5,2.0
2023-02-11,Fulham,Nott'm Forest,H,1,0,16,10,3,1,9,11,5,4,0,1,0,0,1.91,3.5,4.33
2023-02-11,Leicester,Tottenham,H,3,1,15,11,7,4,14,9,1,5,5,2,0,0,3.4,3.6,2.1
2023-02-11,Southampton,Wolves,A,1,0,17,11,2,2,12,14,5,2,2,2,0,1,2.9,3.2,2.55
2023-02-11,Bournemouth,Newcastle,D,1,1,11,15,5,7,8,10,4,6,2,3,0,0,6.5,4.0,1.53
2023-02-12,Leeds,Man United,A,0,0,16,11,6,5,10,13,7,3,2,1,0,0,3.75,3.8,1.91
2023-02-12,Man City,Aston Villa,H,3,0,17,6,9,2,13,14,8,4,1,2,0,0,1.25,6.5,11.0
2023-02-13,Liverpool,Everton,H,1,0,15,6,6,1,8,16,3,3,1,3,0,0,1.5,4.33,6.5
2023-02-15,Arsenal,Man City,A,1,1,10,9,1,6,11,15,1,3,2,3,0,0,2.9,3.5,2.35
2023-02-18,Newcastle,Liverpool,A,0,2,14,13,4,7,3,8,6,7,1,1,1,0,2.5,3.5,2.7
2023-02-18,Wolves,Bournemouth,A,0,0,15,5,4,1,12,10,12,2,3,3,0,0,1.67,3.6,6.0
2023-02-18,Everton,Leeds,H,0,0,15,8,6,0,8,6,6,4,2,3,0,0,2.4,3.3,3.0
2023-02-18,Nott'm Forest,Man City,D,0,1,4,26,1,6,8,6,0,10,1,0,0,0,8.5,5.5,1.3
2023-02-18,Brighton,Fulham,A,0,0,21,5,7,2,12,14,10,2,0,5,0,0,1.65,3.8,5.5
2023-02-18,Brentford,Crystal Palace,D,0,0,12,10,5,4,10,8,2,6,2,2,0,0,1.83,3.5,4.5
2023-02-18,Aston Villa,Arsenal,A,2,1,7,20,5,5,13,4,2,9,2,1,0,0,4.5,3.6,1.5
2023-02-18,Chelsea,Southampton,A,0,1,17,8,5,5,16,24,8,2,3,6,0,0,1.4,4.75,8.5
2023-02-19,Man United,Leicester,H,1,0,26,19,8,3,9,9,6,6,0,2,0,0,1.62,4.33,5.25
2023-02-19,Tottenham,West Ham,H,0,0,16,6,6,1,16,10,4,7,2,1,0,0,1.75,3.6,4.75
2023-02-24,Fulham,Wolves,D,0,1,10,8,5,2,12,17,4,3,2,0,0,0,2.5,3.2,3.0
2023-02-25,Crystal Palace,Liverpool,D,0,0,6,12,0,4,11,14,5,3,2,5,0,0,4.75,3.8,1.73
2023-02-25,Bournemouth,Man City,A,0,3,13,20,2,5,10,9,4,6,2,2,0,0,10.0,5.75,1.29
2023-02-25,West Ham,Nott'm Forest,H,0,0,18,8,5,3,8,5,12,3,0,0,0,0,1.75,3.6,5.0
2023-02-25,Leicester,Arsenal,A,0,0,1,10,0,2,14,9,0,8,0,1,0,0,4.75,4.0,1.7
2023-02-25,Everton,Aston Villa,A,0,0,15,9,5,5,12,12,5,1,2,1,0,0,2.5,3.2,3.0
2023-02-25,Leeds,Southampton,H,0,0,14,8,4,2,15,13,9,2,2,4,0,0,1.95,3.5,4.0
2023-02-26,Tottenham,Chelsea,H,0,0,8,10,3,2,10,10,4,4,2,3,0,0,2.55,3.25,2.9
2023-03-01,Arsenal,Everton,H,2,0,15,8,5,5,5,12,5,1,0,2,0,0,1.36,4.75,10.0
2023-03-01,Liverpool,Wolves,H,0,0,15,4,6,1,13,14,5,2,2,3,0,0,1.5,4.75,6.0
2023-03-04,Wolves,Tottenham,H,0,0,8,21,5,6,11,18,4,8,1,1,0,0,3.3,3.4,2.2
2023-03-04,Southampton,Leicester,H,1,0,11,11,5,0,12,11,3,4,4,2,0,0,2.75,3.3,2.6
2023-03-04,Chelsea,Leeds,H,0,0,13,11,3,2,10,7,5,7,2,0,0,0,1.62,4.0,5.5
2023-03-04,Brighton,West Ham,H,1,0,20,3,9,2,6,8,7,3,0,3,0,0,1.8,3.6,4.5
2023-03-04,Aston Villa,Crystal Palace,H,1,0,8,3,1,0,14,17,2,4,2,3,0,1,2.05,3.3,3.8
2023-03-04,Arsenal,Bournemouth,H,0,1,31,4,9,4,6,8,17,1,0,2,0,0,1.22,7.0,12.0
2023-03-04,Man City,Newcastle,H,1,0,11,5,3,2,8,13,8,4,2,4,0,0,1.45,4.5,7.0
2023-03-05,Nott'm Forest,Everton,D,1,2,10,10,4,3,11,17,3,3,3,5,0,0,2.7,3.0,2.88
2023-03-05,Liverpool,Man United,H,1,0,18,8,8,4,13,14,4,3,2,3,0,0,2.38,3.6,2.88
2023-03-06,Brentford,Fulham,H,1,1,14,9,6,5,12,17,2,3,0,3,0,0,1.95,3.6,3.75
2023-03-11,Crystal Palace,Man City,A,0,0,4,14,0,4,11,17,2,6,2,2,0,0,9.0,4.75,1.36
2023-03-11,Tottenham,Nott'm Forest,H,2,0,15,9,7,5,13,13,2,10,3,1,0,0,1.44,4.75,7.0
2023-03-11,Leicester,Chelsea,A,1,2,17,12,7,6,10,11,2,5,1,2,1,0,3.75,3.5,1.95
2023-03-11,Leeds,Brighton,D,1,1,12,14,4,2,12,9,4,7,1,1,0,0,3.75,3.6,1.95
2023-03-11,Everton,Brentford,H,1,0,13,12,6,4,11,12,5,8,2,1,0,0,2.7,3.25,2.7
2023-03-11,Bournemouth,Liverpool,H,1,0,5,15,2,6,7,9,3,8,2,1,0,0,7.5,5.0,1.4
2023-03-12,Fulham,Arsenal,A,0,3,12,15,2,7,10,9,4,8,0,1,0,0,6.0,4.0,1.57
2023-03-12,Man United,Southampton,D,0,0,10,17,4,4,12,9,7,8,2,0,0,0,1.36,5.0,9.0
2023-03-12,West Ham,Aston Villa,D,1,1,17,12,6,4,8,6,13,2,1,0,0,0,2.2,3.3,3.4
2023-03-12,Newcastle,Wolves,H,1,0,19,7,8,4,11,10,10,3,1,2,0,0,1.65,3.75,5.5
2023-03-15,Southampton,Brentford,A,0,1,7,11,1,5,14,10,3,3,1,2,0,0,2.88,3.25,2.5
2023-03-15,Brighton,Crystal Palace,H,1,0,11,11,5,3,13,20,1,4,1,2,0,0,1.44,4.2,8.0
2023-03-17,Nott'm Forest,Newcastle,A,1,1,5,15,3,4,17,9,3,7,5,1,0,0,5.5,3.8,1.62
2023-03-18,Aston Villa,Bournemouth,H,1,0,20,10,9,3,8,13,9,6,1,4,0,0,1.7,3.8,5.0
2023-03-18,Brentford,Leicester,D,1,0,11,14,2,1,10,11,8,4,1,2,1,0,1.91,3.6,3.75
2023-03-18,Southampton,Tottenham,D,0,1,19,17,7,3,13,8,10,3,1,1,0,0,4.75,3.6,1.75
2023-03-18,Wolves,Leeds,A,0,1,23,11,8,4,15,9,5,4,3,5,1,0,2.25,3.2,3.3
2023-03-18,Chelsea,Everton,D,0,0,20,12,7,3,8,12,8,2,2,2,0,0,1.5,4.2,7.5
2023-03-19,Arsenal,Crystal Palace,H,2,0,15,8,5,4,8,10,5,4,0,1,0,0,1.25,5.5,15.0
2023-04-01,Man City,Liverpool,H,1,1,17,4,8,1,9,12,7,1,1,1,0,0,1.62,4.2,5.0
2023-04-01,Arsenal,Leeds,H,1,0,13,7,6,5,11,13,4,3,0,2,0,0,1.29,6.0,9.0
2023-04-01,Bournemouth,Fulham,H,0,1,12,10,7,2,15,13,4,3,1,4,0,0,2.55,3.3,2.8
2023-04-01,Brighton,Brentford,D,2,2,33,7,15,5,16,10,14,0,2,1,0,0,1.67,4.0,5.0
2023-04-01,Crystal Palace,Leicester,H,0,0,31,3,9,2,12,16,10,1,3,4,0,0,2.5,3.25,2.9
2023-04-01,Nott'm Forest,Wolves,D,1,0,17,8,7,1,14,13,4,3,3,5,0,0,3.0,3.1,2.55
2023-04-01,Chelsea,Aston Villa,A,0,1,27,5,8,2,14,16,13,2,3,3,0,0,1.67,3.8,5.25
2023-04-02,West Ham,Southampton,H,1,0,12,9,2,3,10,11,5,3,0,2,0,0,1.73,3.6,5.0
2023-04-02,Newcastle,Man United,H,0,0,22,6,6,1,8,12,7,4,0,0,0,0,2.4,3.4,2.9
2023-04-03,Everton,Tottenham,D,0,0,15,8,6,2,10,14,3,3,0,3,1,1,3.4,3.3,2.2
2023-04-04,Bournemouth,Brighton,A,0,1,14,16,3,6,11,5,5,5,1,1,0,0,6.0,4.2,1.53
2023-04-04,Leeds,Nott'm Forest,H,2,1,21,13,6,1,11,13,11,4,1,4,0,0,1.7,3.75,5.0
2023-04-04,Leicester,Aston Villa,A,1,1,9,15,4,5,10,14,4,8,2,0,1,0,2.55,3.3,2.75
2023-04-04,Chelsea,Liverpool,D,0,0,12,7,3,4,6,17,3,5,1,4,0,0,2.2,3.4,3.25
2023-04-05,Man United,Brentford,H,1,0,18,6,3,1,8,13,12,3,3,2,0,0,1.65,4.0,5.0
2023-04-05,West Ham,Newcastle,A,1,2,7,15,2,8,11,12,7,6,2,1,0,0,3.6,3.25,2.15
2023-04-08,Southampton,Man City,A,0,1,4,13,1,8,6,10,0,10,0,2,0,0,11.0,6.0,1.25
2023-04-08,Wolves,Chelsea,H,1,0,9,13,4,1,14,10,8,8,2,5,0,0,4.2,3.5,1.91
2023-04-08,Tottenham,Brighton,H,1,1,9,17,3,4,15,15,3,7,3,1,0,0,2.55,3.5,2.7
2023-04-08,Leicester,Bournemouth,A,0,1,14,19,4,7,10,13,6,6,0,3,0,0,1.83,3.75,4.2
2023-04-08,Fulham,West Ham,A,0,1,16,9,3,5,10,12,11,4,1,1,0,0,2.8,3.25,2.63
2023-04-08,Brentford,Newcastle,A,1,0,12,10,6,4,10,15,6,5,0,0,0,0,3.6,3.4,2.05
2023-04-08,Aston Villa,Nott'm Forest,H,0,0,8,6,3,2,7,17,1,8,3,4,0,0,1.6,4.2,5.25
2023-04-08,Man United,Everton,H,1,0,29,15,11,1,10,9,10,4,0,0,0,0,1.5,4.33,6.5
2023-04-09,Leeds,Crystal Palace,A,1,1,11,16,7,8,11,8,2,4,3,1,0,0,2.1,3.4,3.6
2023-04-09,Liverpool,Arsenal,D,1,2,21,9,6,5,11,11,5,4,4,4,0,0,2.88,3.6,2.38
2023-04-15,Man City,Leicester,H,3,0,12,10,4,4,8,8,6,2,1,1,0,0,1.14,8.5,15.0
2023-04-15,Wolves,Brentford,H,1,0,11,10,9,3,12,8,5,2,1,1,0,0,2.45,3.1,3.0
2023-04-15,Tottenham,Bournemouth,A,1,1,24,6,8,6,8,9,8,1,1,2,0,0,1.45,4.5,7.0
2023-04-15,Chelsea,Brighton,A,1,1,8,26,2,10,11,11,2,8,2,2,0,0,2.63,3.4,2.63
2023-04-15,Everton,Fulham,A,1,1,15,21,7,7,10,6,4,8,3,2,0,0,2.05,3.4,3.7
2023-04-15,Aston Villa,Newcastle,H,1,0,16,8,6,2,13,15,7,2,1,1,0,0,3.6,3.4,2.05
2023-04-15,Southampton,Crystal Palace,A,0,0,11,9,4,2,6,13,6,2,3,1,0,0,2.8,3.1,2.7
2023-04-16,West Ham,Arsenal,D,1,2,16,11,3,5,11,8,7,2,1,2,0,0,6.0,4.2,1.55
2023-04-16,Nott'm Forest,Man United,A,0,1,6,22,0,8,9,9,4,9,2,2,0,0,5.5,4.0,1.62
2023-04-17,Leeds,Liverpool,A,0,2,13,13,3,7,6,12,4,2,0,1,0,0,4.2,4.2,1.73
2023-04-21,Arsenal,Southampton,D,1,2,25,8,6,6,10,14,7,2,1,5,0,0,1.2,7.0,13.0
2023-04-22,Fulham,Leeds,H,0,0,12,10,5,2,10,15,8,6,1,4,0,0,2.3,3.4,3.1
2023-04-22,Brentford,Aston Villa,D,0,0,6,14,5,2,12,8,8,4,3,2,0,0,2.5,3.25,2.88
2023-04-22,Crystal Palace,Everton,D,0,0,12,10,2,5,12,14,8,1,1,1,0,1,2.05,3.2,3.75
2023-04-22,Leicester,Wolves,H,1,1,15,16,8,3,17,16,1,7,1,3,0,0,2.38,3.3,3.0
2023-04-22,Liverpool,Nott'm Forest,H,0,0,18,11,6,5,9,12,9,3,0,1,0,0,1.17,7.5,17.0
2023-04-23,Newcastle,Tottenham,H,5,0,25,11,8,3,7,13,9,3,0,3,0,0,1.83,3.75,4.2
2023-04-23,Bournemouth,West Ham,A,0,3,17,18,5,10,7,8,8,5,1,2,0,0,2.88,3.2,2.55
2023-04-25,Leeds,Leicester,D,1,0,13,15,3,3,14,15,3,6,4,2,0,0,2.3,3.5,3.0
2023-04-25,Wolves,Crystal Palace,H,1,0,9,14,3,4,13,14,6,11,5,4,0,0,2.45,3.2,3.0
2023-04-25,Aston Villa,Fulham,H,1,0,14,1,3,0,6,18,8,2,3,2,0,0,1.75,4.0,4.2
2023-04-26,Nott'm Forest,Brighton,H,1,1,12,17,5,7,7,8,2,7,2,0,0,0,6.0,4.2,1.53
2023-04-26,Chelsea,Brentford,A,0,1,15,7,4,1,5,13,5,2,1,2,0,0,1.7,4.0,4.75
2023-04-26,West Ham,Liverpool,A,1,1,7,20,2,4,6,8,3,6,0,0,0,0,3.9,3.9,1.85
2023-04-26,Man City,Arsenal,H,2,0,14,8,9,2,13,13,1,3,3,1,0,0,1.55,4.5,5.25
2023-04-27,Everton,Newcastle,A,0,1,13,15,5,8,8,6,3,14,2,1,0,0,4.75,3.6,1.73
2023-04-27,Southampton,Bournemouth,A,0,0,11,16,2,2,9,11,6,4,0,3,0,0,2.25,3.4,3.2
2023-04-27,Tottenham,Man United,D,0,2,18,17,7,8,8,7,6,8,1,2,0,0,2.8,3.6,2.4
2023-04-29,Crystal Palace,West Ham,H,3,2,16,8,6,4,9,17,8,5,1,2,0,0,2.63,3.25,2.75
2023-04-29,Brentford,Nott'm Forest,H,0,1,14,5,8,3,6,13,6,0,1,2,0,0,1.65,3.8,5.5
2023-04-29,Brighton,Wolves,H,4,0,22,10,8,2,14,11,2,5,1,1,0,0,1.5,4.33,6.5
2023-04-30,Liverpool,Tottenham,H,3,1,12,10,4,7,12,6,5,2,3,2,0,0,1.53,4.5,5.75
2023-04-30,Bournemouth,Leeds,H,2,1,12,15,7,6,12,14,2,6,1,0,0,0,2.55,3.5,2.7
2023-04-30,Fulham,Man City,A,1,2,4,12,1,9,9,10,2,5,1,3,0,0,12.0,6.0,1.25
2023-04-30,Man United,Aston Villa,H,1,0,14,7,6,1,16,7,1,4,2,0,0,0,1.73,3.9,4.6
2023-04-30,Newcastle,Southampton,H,0,1,22,4,5,3,7,10,11,2,1,4,0,0,1.3,5.25,10.0
2023-05-01,Leicester,Everton,D,2,1,15,23,6,8,10,12,2,9,4,1,0,0,2.0,3.5,3.75
2023-05-02,Arsenal,Chelsea,H,3,0,16,7,10,4,10,10,7,2,0,2,0,0,1.6,4.0,5.5
2023-05-03,Liverpool,Fulham,H,1,0,15,9,3,3,10,8,7,5,0,0,0,0,1.25,5.75,11.0
2023-05-03,Man City,West Ham,H,0,0,16,6,7,2,8,8,6,3,0,1,0,0,1.2,7.0,13.0
2023-05-04,Brighton,Man United,H,0,0,22,16,6,5,10,14,8,6,4,4,0,0,1.95,3.5,3.75
2023-05-06,Bournemouth,Chelsea,A,1,1,10,11,4,5,9,11,7,7,1,3,0,0,3.3,3.5,2.15
2023-05-06,Man City,Leeds,H,2,0,18,4,6,2,3,16,10,1,0,3,0,0,1.17,8.5,15.0
2023-05-06,Tottenham,Crystal Palace,H,1,0,8,7,3,2,15,14,8,4,3,5,0,0,1.8,3.8,4.2
2023-05-06,Wolves,Aston Villa,H,1,0,6,16,2,3,20,9,5,6,3,3,0,0,2.88,3.3,2.5
2023-05-06,Liverpool,Brentford,H,1,0,15,5,5,1,19,10,7,3,4,2,0,0,1.44,5.0,6.0
2023-05-07,Newcastle,Arsenal,A,0,1,12,10,5,6,16,12,9,4,2,1,0,0,2.45,3.75,2.63
2023-05-07,West Ham,Man United,H,1,0,15,19,4,4,4,9,5,6,0,2,0,0,3.4,3.75,2.05
2023-05-08,Fulham,Leicester,H,3,0,17,18,7,9,13,15,2,7,0,3,0,0,2.63,3.5,2.6
2023-05-08,Brighton,Everton,A,0,3,23,10,5,5,11,13,15,1,1,5,0,0,1.33,5.25,9.0
2023-05-08,Nott'm Forest,Southampton,H,3,1,9,19,4,5,16,10,2,11,1,0,0,0,2.1,3.6,3.4
2023-05-13,Southampton,Fulham,A,0,0,5,9,1,4,17,12,1,8,2,0,0,0,2.75,3.3,2.5
2023-05-13,Man United,Wolves,H,1,0,27,5,9,0,9,9,11,7,3,2,0,0,1.36,5.0,7.5
2023-05-13,Crystal Palace,Bournemouth,H,1,0,17,5,5,0,5,12,11,2,0,2,0,0,1.83,3.6,4.2
2023-05-13,Chelsea,Nott'm Forest,D,0,1,14,11,6,2,13,15,2,5,3,1,0,0,1.5,4.5,6.0
2023-05-13,Aston Villa,Tottenham,H,1,0,8,5,4,2,9,14,8,3,3,3,0,0,2.25,3.6,2.9
2023-05-13,Leeds,Newcastle,D,1,1,9,18,4,5,16,14,2,6,3,2,1,0,4.33,4.2,1.7
2023-05-14,Brentford,West Ham,H,2,0,24,4,10,4,5,5,7,5,1,0,0,0,2.0,3.5,3.6
2023-05-14,Everton,Man City,A,0,2,7,9,3,4,12,4,8,6,1,0,0,0,9.0,4.75,1.36
2023-05-14,Arsenal,Brighton,A,0,0,14,12,2,6,13,17,5,2,1,2,0,0,1.73,4.2,4.2
2023-05-15,Leicester,Liverpool,A,0,2,4,16,4,5,11,17,4,4,2,1,0,0,5.25,4.33,1.57
2023-05-18,Newcastle,Brighton,H,2,0,22,8,9,2,17,16,6,1,2,4,0,0,2.0,3.8,3.5
2023-05-20,Tottenham,Brentford,A,1,0,22,11,8,4,11,9,8,2,1,1,0,0,1.83,3.9,4.0
2023-05-20,Bournemouth,Man United,A,0,1,10,20,4,5,6,7,3,6,1,0,0,0,6.0,4.75,1.5
2023-05-20,Fulham,Crystal Palace,D,1,1,11,11,4,5,13,12,7,4,3,0,0,0,2.45,3.4,2.9
2023-05-20,Liverpool,Aston Villa,D,0,1,10,6,5,3,16,13,9,4,3,5,0,0,1.45,5.0,6.25
2023-05-20,Wolves,Everton,D,1,0,13,19,5,4,18,10,1,7,5,1,0,0,2.75,3.3,2.6
2023-05-20,Nott'm Forest,Arsenal,H,1,0,6,11,2,3,11,12,3,6,3,2,0,0,5.25,4.33,1.57
2023-05-21,Brighton,Southampton,H,2,0,26,5,8,1,8,9,4,3,2,5,0,0,1.22,7.0,11.0
2023-05-21,Man City,Chelsea,H,1,0,15,13,2,6,12,9,5,2,0,2,0,0,1.25,6.0,11.0
2023-05-21,West Ham,Leeds,H,1,1,19,12,9,3,6,11,9,5,1,3,0,0,2.4,3.5,2.88
2023-05-22,Newcastle,Leicester,D,0,0,23,1,4,1,9,5,12,1,2,0,0,0,1.36,5.5,7.0
2023-05-24,Brighton,Man City,D,1,1,20,13,7,4,16,11,5,1,2,1,0,0,4.0,4.33,1.75
2023-05-25,Man United,Chelsea,H,2,0,18,14,9,5,12,6,3,4,1,1,0,0,1.6,4.33,5.0
2023-05-28,Crystal Palace,Nott'm Forest,D,0,1,16,7,4,4,9,13,5,4,0,2,0,0,1.67,4.0,5.0
2023-05-28,Arsenal,Wolves,H,3,0,14,6,8,0,8,11,8,4,0,0,0,0,1.36,5.25,8.0
2023-05-28,Aston Villa,Brighton,H,2,1,12,8,5,4,15,16,4,3,4,4,0,0,2.0,3.6,3.5
2023-05-28,Brentford,Man City,H,0,0,11,17,4,3,12,8,3,4,4,0,0,0,3.8,4.0,1.83
2023-05-28,Chelsea,Newcastle,D,1,1,22,13,5,4,9,11,10,3,0,0,0,0,2.9,3.5,2.38
2023-05-28,Everton,Bournemouth,H,0,0,13,7,6,2,11,12,9,3,1,3,0,0,1.5,4.5,6.5
2023-05-28,Leeds,Tottenham,A,0,1,19,11,2,7,7,5,12,3,3,0,0,0,2.75,3.8,2.3
2023-05-28,Leicester,West Ham,H,1,0,13,16,4,3,8,10,3,5,1,1,0,0,1.91,3.8,3.6
2023-05-28,Man United,Fulham,H,1,1,21,10,8,3,14,10,5,4,1,2,0,0,1.5,4.33,6.0
2023-05-28,Southampton,Liverpool,D,2,2,15,30,10,8,4,10,2,9,0,2,0,0,6.5,4.75,1.44
2023-08-11,Burnley,Man City,A,0,2,6,17,1,8,11,8,6,5,0,0,1,0,8.0,5.5,1.33
2023-08-12,Newcastle,Aston Villa,H,2,1,17,16,13,6,12,17,6,5,4,4,0,0,1.75,3.75,4.6
2023-08-12,Sheffield United,Crystal Palace,A,0,0,8,24,1,8,18,11,5,5,3,0,0,0,3.0,3.3,2.38
2023-08-12,Everton,Fulham,A,0,0,19,9,9,2,12,6,10,4,0,2,0,0,2.2,3.4,3.3
2023-08-12,Bournemouth,West Ham,D,0,0,14,16,5,3,9,14,10,4,1,4,0,0,2.7,3.4,2.55
2023-08-12,Arsenal,Nott'm Forest,H,2,0,15,6,7,2,12,12,8,3,2,2,0,0,1.18,7.0,15.0
2023-08-12,Brighton,Luton,H,1,0,27,9,12,3,11,12,6,7,2,2,0,0,1.33,5.5,9.0
2023-08-13,Brentford,Tottenham,D,2,2,11,18,6,6,12,13,3,6,1,4,0,0,2.75,3.4,2.45
2023-08-13,Chelsea,Liverpool,D,1,1,10,13,4,1,5,12,4,4,3,3,0,0,2.9,3.4,2.38
2023-08-14,Man United,Wolves,H,0,0,15,23,3,6,14,10,8,7,2,3,0,0,1.33,5.5,9.0
2023-08-18,Nott'm Forest,Sheffield United,H,1,0,16,7,4,3,5,9,6,7,2,3,0,0,1.95,3.4,4.0
2023-08-19,Wolves,Brighton,A,0,1,16,16,5,8,14,11,5,3,3,6,1,0,4.0,3.8,1.85
2023-08-19,Fulham,Brentford,A,0,1,10,17,2,8,13,12,5,5,2,2,1,0,2.7,3.3,2.63
2023-08-19,Liverpool,Bournemouth,H,2,1,26,13,10,5,11,13,10,2,1,3,1,0,1.2,7.0,13.0
2023-08-19,Tottenham,Man United,H,0,0,17,22,6,6,9,8,5,6,1,3,0,0,2.8,3.6,2.38
2023-08-19,Man City,Newcastle,H,1,0,14,7,4,1,12,11,3,0,1,5,0,0,1.67,4.0,5.0
2023-08-20,Aston Villa,Everton,H,2,0,13,9,7,2,8,12,7,6,3,4,0,0,1.7,4.0,4.5
2023-08-20,West Ham,Chelsea,H,1,1,12,17,6,4,12,9,3,9,2,3,1,0,3.75,3.5,2.0
2023-08-21,Crystal Palace,Arsenal,A,0,0,14,14,2,3,14,10,1,8,2,1,0,1,5.5,4.0,1.6
2023-08-25,Chelsea,Luton,H,1,0,19,11,8,1,15,12,6,4,2,3,0,0,1.29,5.5,11.0
2023-08-26,Man United,Nott'm Forest,H,1,2,18,9,9,4,13,11,11,3,4,4,0,1,1.3,6.0,8.0
2023-08-26,Brighton,West Ham,A,0,1,25,12,10,3,10,9,17,4,1,3,0,0,1.53,4.75,5.25
2023-08-26,Everton,Wolves,A,0,0,15,11,7,2,10,14,7,0,3,4,0,0,2.3,3.3,3.2
2023-08-26,Arsenal,Fulham,D,0,1,19,8,11,3,6,5,8,3,0,3,0,1,1.2,7.0,13.0
2023-08-26,Bournemouth,Tottenham,A,0,1,11,17,3,6,18,11,6,2,1,3,0,0,3.8,3.75,1.91
2023-08-26,Brentford,Crystal Palace,D,1,0,12,15,1,5,9,15,8,6,0,0,0,0,2.15,3.4,3.5
2023-08-27,Burnley,Aston Villa,A,0,2,9,16,2,6,12,11,4,6,2,0,0,0,3.4,3.4,2.15
2023-08-27,Sheffield United,Man City,A,0,0,6,30,2,9,11,2,1,12,3,0,0,0,13.0,8.0,1.17
2023-08-27,Newcastle,Liverpool,A,1,0,23,9,8,4,16,10,5,9,1,2,0,1,2.2,3.75,3.0
2023-09-01,Luton,West Ham,A,0,1,16,9,1,3,8,13,9,6,1,1,0,0,4.75,3.8,1.73
2023-09-02,Man City,Fulham,H,2,1,7,6,5,4,12,12,4,5,2,4,0,0,1.17,8.0,15.0
2023-09-02,Sheffield United,Everton,D,2,1,13,16,8,6,11,13,4,6,1,2,0,0,2.9,3.25,2.5
2023-09-02,Brentford,Bournemouth,D,1,1,21,12,7,5,6,13,5,2,1,2,0,0,1.73,3.8,4.75
2023-09-02,Burnley,Tottenham,A,1,2,16,20,4,10,15,9,7,4,4,3,0,0,3.6,4.0,1.85
2023-09-02,Chelsea,Nott'm Forest,A,0,0,21,7,2,3,10,9,8,0,3,4,0,0,1.4,4.5,8.5
2023-09-02,Brighton,Newcastle,H,1,0,15,9,6,2,14,17,5,3,4,4,0,0,2.5,3.8,2.55
2023-09-03,Liverpool,Aston Villa,H,2,0,17,9,4,3,12,7,7,3,0,1,0,0,1.65,4.5,4.5
2023-09-03,Crystal Palace,Wolves,H,0,0,16,12,11,4,12,12,4,2,1,3,0,0,1.91,3.3,4.33
2023-09-03,Arsenal,Man United,H,1,1,17,10,5,2,8,7,12,3,2,3,0,0,1.75,3.8,4.5
2023-09-16,West Ham,Man City,A,1,0,6,29,3,15,7,11,4,11,3,2,0,0,7.0,4.5,1.45
2023-09-16,Newcastle,Brentford,H,0,0,9,11,2,2,8,12,8,3,3,5,0,0,1.53,4.2,6.0
2023-09-16,Tottenham,Sheffield United,H,0,0,28,7,10,5,13,14,15,2,6,5,0,1,1.29,5.5,11.0
2023-09-16,Wolves,Liverpool,A,1,0,11,16,2,6,10,4,4,4,1,3,0,0,6.0,5.0,1.45
2023-09-16,Fulham,Luton,H,0,0,13,7,2,2,6,14,6,2,2,2,0,0,1.67,3.75,5.5
2023-09-16,Man United,Brighton,A,0,1,14,10,4,8,8,9,8,1,2,2,0,0,2.15,4.0,2.88
2023-09-16,Aston Villa,Crystal Palace,H,0,0,16,6,5,3,13,9,4,2,5,3,0,0,1.91,3.6,4.0
2023-09-17,Bournemouth,Chelsea,D,0,0,13,14,4,6,15,20,1,7,1,5,0,0,4.33,3.75,1.8
2023-09-17,Everton,Arsenal,A,0,0,8,13,1,4,12,10,1,11,1,1,0,0,6.0,4.5,1.5
2023-09-18,Nott'm Forest,Burnley,D,0,1,14,10,4,3,16,10,5,4,2,3,0,1,2.2,3.5,3.25
2023-09-23,Brentford,Everton,A,1,1,12,18,2,6,9,12,1,4,2,2,0,0,1.8,3.8,4.2
2023-09-23,Man City,Nott'm Forest,H,2,0,7,10,4,3,5,17,6,6,3,7,1,0,1.14,8.5,15.0
2023-09-23,Burnley,Man United,A,0,1,12,11,4,4,6,12,9,5,1,2,0,0,4.2,4.2,1.73
2023-09-23,Crystal Palace,Fulham,D,0,0,7,10,3,5,10,15,3,2,3,2,0,0,1.91,3.4,4.2
2023-09-23,Luton,Wolves,D,0,0,20,3,4,3,12,17,10,1,0,2,0,1,3.25,3.4,2.2
2023-09-24,Arsenal,Tottenham,D,1,1,13,13,6,5,12,19,11,4,3,4,0,0,1.67,4.33,4.33
2023-09-24,Brighton,Bournemouth,H,1,1,13,12,4,4,12,17,4,4,3,3,0,0,1.36,5.25,7.5
2023-09-24,Chelsea,Aston Villa,A,0,0,10,15,4,7,9,11,5,11,2,3,0,0,1.91,3.75,3.8
2023-09-24,Liverpool,West Ham,H,1,1,22,11,7,4,12,13,7,4,0,2,0,0,1.4,5.0,7.0
2023-09-24,Sheffield United,Newcastle,A,0,3,9,22,1,15,12,8,2,6,3,0,0,0,7.0,4.75,1.44
2023-09-30,West Ham,Sheffield United,H,2,0,20,16,9,2,6,9,7,4,1,1,0,0,1.45,4.5,7.0
2023-09-30,Tottenham,Liverpool,H,1,1,24,12,8,4,11,17,12,5,5,4,0,2,2.9,4.0,2.15
2023-09-30,Wolves,Man City,H,1,0,3,23,1,8,18,12,0,6,5,4,0,0,8.0,5.75,1.33
2023-09-30,Newcastle,Burnley,H,1,0,20,8,8,2,7,15,5,3,1,3,0,0,1.3,5.75,9.0
2023-09-30,Everton,Luton,A,1,2,23,9,5,2,8,10,3,6,0,1,0,0,1.57,3.8,6.5
2023-09-30,Bournemouth,Arsenal,A,0,2,8,15,1,8,11,10,6,6,0,1,0,0,5.5,4.5,1.53
2023-09-30,Aston Villa,Brighton,H,3,0,19,11,9,3,19,21,1,3,4,4,0,0,2.55,3.75,2.55
2023-09-30,Man United,Crystal Palace,A,0,1,19,8,4,2,10,8,10,4,3,2,0,0,1.55,4.2,5.75
2023-10-01,Nott'm Forest,Brentford,D,0,0,6,18,1,5,6,10,1,11,1,2,1,0,2.75,3.1,2.7
2023-10-02,Fulham,Chelsea,A,0,2,10,11,3,4,15,12,8,1,1,4,0,0,3.6,3.5,2.05
2023-10-03,Luton,Burnley,A,0,1,18,14,3,4,14,6,7,6,4,2,0,0,2.9,3.0,2.63
2023-10-07,Luton,Tottenham,A,0,0,12,15,2,4,16,7,5,6,2,1,0,1,6.0,4.75,1.45
2023-10-07,Burnley,Chelsea,A,1,1,10,9,3,5,11,8,7,3,2,4,0,0,4.5,3.8,1.73
2023-10-07,Everton,Bournemouth,H,2,0,25,11,8,4,14,15,8,7,1,2,0,0,1.91,3.6,3.8
2023-10-07,Fulham,Sheffield United,H,0,0,20,5,6,2,8,10,9,4,1,2,0,0,1.62,3.8,6.0
2023-10-07,Man United,Brentford,H,0,1,21,11,8,3,10,17,7,5,0,5,0,0,1.67,4.2,4.75
2023-10-07,Crystal Palace,Nott'm Forest,D,0,0,8,16,2,5,7,12,3,7,0,1,0,0,2.2,3.1,3.6
2023-10-08,Arsenal,Man City,H,0,0,12,4,2,1,8,7,5,4,2,3,0,0,2.9,3.3,2.4
2023-10-08,Wolves,Aston Villa,D,0,0,8,18,3,4,19,9,2,10,2,2,1,0,3.5,3.4,2.1
2023-10-08,West Ham,Newcastle,D,1,0,5,10,3,3,11,18,4,2,3,3,0,0,3.2,3.75,2.1
2023-10-08,Brighton,Liverpool,D,1,2,14,14,3,4,12,20,8,1,1,2,0,0,3.0,3.8,2.2
2023-10-21,Chelsea,Arsenal,D,1,0,11,13,5,3,7,14,2,7,3,3,0,0,3.2,3.4,2.25
2023-10-21,Nott'm Forest,Luton,D,0,0,19,13,8,4,12,11,4,2,3,0,0,0,1.67,3.75,5.5
2023-10-21,Newcastle,Crystal Palace,H,3,0,10,17,7,3,7,12,6,8,2,3,0,0,1.45,4.5,7.0
2023-10-21,Sheffield United,Man United,A,1,1,12,14,6,5,12,10,5,4,3,1,0,0,6.5,5.25,1.4
2023-10-21,Brentford,Burnley,H,1,0,23,6,10,1,14,12,5,5,5,2,0,1,1.83,3.75,4.2
2023-10-21,Bournemouth,Wolves,A,1,0,7,20,4,7,15,10,3,12,2,6,1,0,2.38,3.4,3.0
2023-10-21,Liverpool,Everton,H,0,0,26,6,6,1,9,9,12,4,1,1,0,1,1.33,5.75,7.5
2023-10-21,Man City,Brighton,H,2,0,10,5,6,3,9,11,2,2,2,2,1,0,1.4,5.25,6.5
2023-10-22,Aston Villa,West Ham,H,1,0,15,14,7,4,9,15,8,7,0,1,0,0,1.85,3.6,4.0
2023-10-23,Tottenham,Fulham,H,1,0,15,10,5,3,10,14,3,5,2,0,0,0,1.5,4.5,6.0
2023-10-27,Crystal Palace,Tottenham,A,0,0,13,10,3,1,19,11,11,2,2,1,0,0,4.5,3.75,1.75
2023-10-28,Chelsea,Brentford,A,0,0,17,7,2,5,12,7,10,1,1,4,0,0,1.65,4.0,5.25
2023-10-28,Arsenal,Sheffield United,H,1,0,13,2,8,0,9,13,6,1,0,3,0,0,1.13,8.5,19.0
2023-10-28,Bournemouth,Burnley,H,1,1,13,6,6,3,9,12,10,5,2,3,0,0,2.15,3.5,3.3
2023-10-28,Wolves,Newcastle,D,1,2,11,13,6,5,13,15,8,7,1,4,0,0,4.2,4.0,1.75
2023-10-29,Man United,Man City,A,0,1,7,21,3,10,9,4,7,12,4,1,0,0,5.0,3.8,1.67
2023-10-29,Liverpool,Nott'm Forest,H,2,0,21,9,8,1,9,13,8,3,2,3,0,0,1.29,5.75,11.0
2023-10-29,West Ham,Everton,A,0,0,12,10,2,4,7,11,4,3,4,1,0,0,2.15,3.5,3.3
2023-10-29,Aston Villa,Luton,H,1,0,17,7,6,1,11,10,6,4,3,2,0,0,1.25,6.5,9.5
2023-10-29,Brighton,Fulham,D,1,0,18,10,7,5,12,8,7,3,0,3,0,0,1.55,4.2,5.5
2023-11-04,Fulham,Man United,A,0,0,18,12,3,5,9,15,9,4,5,2,0,0,3.2,3.6,2.2
2023-11-04,Brentford,West Ham,H,1,2,16,12,4,2,12,14,4,3,1,4,0,0,2.05,3.6,3.5
2023-11-04,Burnley,Crystal Palace,A,0,1,17,4,5,3,9,12,12,1,0,5,0,0,2.75,3.25,2.6
2023-11-04,Everton,Brighton,D,1,0,10,7,4,2,15,5,3,3,4,2,0,0,3.1,3.6,2.2
2023-11-04,Man City,Bournemouth,H,3,0,21,5,8,1,8,9,12,1,0,1,0,0,1.1,11.0,19.0
2023-11-04,Sheffield United,Wolves,H,0,0,11,10,2,3,13,10,4,4,2,3,0,0,3.8,3.5,2.0
2023-11-04,Newcastle,Arsenal,H,0,0,9,14,2,1,14,9,0,11,5,1,0,0,2.8,3.2,2.6
2023-11-05,Nott'm Forest,Aston Villa,H,1,0,5,13,3,3,6,9,0,10,1,1,0,0,4.2,3.75,1.85
2023-11-05,Luton,Liverpool,D,0,0,8,24,5,6,7,13,4,7,1,1,0,0,12.0,6.5,1.22
2023-11-06,Tottenham,Chelsea,A,1,1,8,17,5,8,12,21,1,6,1,5,2,0,2.0,3.75,3.5
2023-11-11,Man United,Luton,H,0,0,15,10,4,4,9,11,11,3,0,2,0,0,1.33,5.25,9.5
2023-11-11,Bournemouth,Newcastle,H,0,0,19,8,10,5,10,4,6,5,2,1,0,0,4.75,4.0,1.73
2023-11-11,Arsenal,Burnley,H,1,0,16,8,6,5,8,9,3,3,0,1,1,0,1.18,7.0,17.0
2023-11-11,Wolves,Tottenham,H,0,1,17,6,4,2,19,15,11,3,4,3,0,0,3.1,3.75,2.2
2023-11-11,Crystal Palace,Everton,A,1,1,13,8,4,4,9,18,9,2,1,4,0,0,2.45,3.2,3.0
2023-11-12,Aston Villa,Fulham,H,2,0,12,9,6,5,4,17,2,2,2,5,0,0,1.57,4.2,5.5
2023-11-12,Brighton,Sheffield United,D,1,0,11,9,6,1,13,16,6,3,3,2,1,0,1.25,5.75,13.0
2023-11-12,Liverpool,Brentford,H,1,0,17,16,10,3,16,12,6,8,1,2,0,0,1.4,5.0,6.5
2023-11-12,West Ham,Nott'm Forest,H,1,1,16,10,6,5,9,12,9,4,2,2,0,0,1.85,3.6,4.0
2023-11-12,Chelsea,Man City,D,2,2,17,15,9,10,12,15,3,3,5,3,0,0,5.0,3.7,1.73
2023-11-25,Man City,Liverpool,D,1,0,16,8,5,3,9,11,9,6,1,3,0,0,1.73,4.2,4.2
2023-11-25,Burnley,West Ham,A,0,0,11,11,5,3,11,7,4,5,1,3,0,0,3.4,3.5,2.05
2023-11-25,Luton,Crystal Palace,H,0,0,8,16,3,8,15,12,4,5,6,1,0,0,3.6,3.3,2.1
2023-11-25,Newcastle,Chelsea,H,1,1,14,7,5,4,13,19,4,2,4,4,0,1,2.55,3.5,2.63
2023-11-25,Nott'm Forest,Brighton,A,1,2,18,11,5,5,12,7,6,4,2,4,0,1,3.2,3.6,2.15
2023-11-25,Sheffield United,Bournemouth,A,0,2,10,23,2,11,6,8,4,7,4,1,0,0,3.2,3.5,2.2
2023-11-25,Brentford,Arsenal,A,0,0,9,15,3,4,9,7,1,8,1,1,0,0,4.5,3.75,1.75
2023-11-26,Everton,Man United,A,0,1,24,9,6,4,10,8,6,5,3,0,0,0,2.7,3.4,2.55
2023-11-26,Tottenham,Aston Villa,A,1,1,18,15,8,5,11,13,9,3,0,4,0,0,2.3,3.8,2.8
2023-11-27,Fulham,Wolves,H,1,1,12,10,6,6,13,13,6,2,2,2,0,0,2.38,3.3,3.0
2023-12-02,Arsenal,Wolves,H,2,0,19,6,6,3,10,10,4,0,1,2,0,0,1.25,5.5,12.0
2023-12-02,Brentford,Luton,H,0,0,27,7,6,1,10,8,7,5,1,2,0,0,1.45,4.5,6.5
2023-12-02,Burnley,Sheffield United,H,2,0,19,6,7,3,9,12,6,1,2,5,0,1,1.8,3.6,4.5
2023-12-02,Nott'm Forest,Everton,A,0,0,13,12,2,3,15,14,4,3,1,0,0,0,2.75,3.25,2.6
2023-12-02,Newcastle,Man United,H,0,0,22,8,4,1,6,13,7,3,1,2,0,0,1.91,3.75,3.8
2023-12-03,Bournemouth,Aston Villa,D,1,1,15,11,7,3,16,12,7,7,5,3,0,0,3.4,4.0,1.95
2023-12-03,Chelsea,Brighton,H,2,1,8,18,5,9,16,12,5,8,3,5,1,0,1.73,4.2,4.2
2023-12-03,Liverpool,Fulham,H,2,2,26,9,12,5,6,7,3,4,0,0,0,0,1.25,6.5,9.0
2023-12-03,West Ham,Crystal Palace,D,1,0,9,9,3,2,17,7,2,3,2,0,0,0,2.0,3.5,3.8
2023-12-03,Man City,Tottenham,D,2,1,18,8,4,4,14,14,10,8,4,4,0,0,1.29,6.0,9.0
2023-12-05,Wolves,Burnley,H,1,0,7,12,4,3,11,15,6,8,2,4,0,0,1.85,3.6,4.2
2023-12-05,Luton,Arsenal,A,1,2,6,23,4,9,14,7,3,8,2,1,0,0,17.0,7.0,1.18
2023-12-06,Man United,Chelsea,H,1,1,28,13,9,3,12,12,12,4,4,0,0,0,2.88,3.4,2.45
2023-12-06,Sheffield United,Liverpool,A,0,1,6,15,1,8,12,8,2,12,2,3,0,0,12.0,7.5,1.2
2023-12-06,Aston Villa,Man City,H,0,0,22,2,7,2,13,13,6,0,2,2,0,0,4.75,4.2,1.7
2023-12-06,Crystal Palace,Bournemouth,A,0,1,16,11,3,4,10,17,3,9,1,3,0,0,2.25,3.5,3.1
2023-12-06,Fulham,Nott'm Forest,H,2,0,14,4,6,1,7,10,6,1,0,1,0,0,2.0,3.4,3.75
2023-12-06,Brighton,Brentford,H,1,1,18,8,7,2,10,8,7,3,3,1,0,0,1.91,3.8,3.75
2023-12-07,Everton,Newcastle,H,0,0,21,13,6,3,18,8,5,2,3,0,0,0,3.25,3.25,2.25
2023-12-07,Tottenham,West Ham,A,1,0,23,11,7,5,11,12,8,4,3,3,0,0,1.75,4.2,4.2
2023-12-09,Crystal Palace,Liverpool,A,0,0,8,14,4,2,17,17,6,5,5,2,1,0,6.0,4.5,1.5
2023-12-09,Brighton,Burnley,D,0,1,29,6,11,3,5,8,9,1,0,4,0,0,1.5,4.75,6.0
2023-12-09,Man United,Bournemouth,A,0,1,20,10,3,4,7,10,10,4,3,1,0,0,1.55,4.33,5.75
2023-12-09,Wolves,Nott'm Forest,D,1,1,10,8,4,2,9,11,4,3,0,1,0,0,1.85,3.6,4.33
2023-12-09,Aston Villa,Arsenal,H,1,0,10,12,3,5,16,11,3,3,4,2,0,0,3.3,3.6,2.1
2023-12-09,Sheffield United,Brentford,H,1,0,9,10,4,4,14,13,3,4,5,1,0,0,4.2,3.8,1.75
2023-12-10,Everton,Chelsea,H,0,0,9,16,5,4,12,12,4,8,2,2,0,0,3.1,3.5,2.25
2023-12-10,Fulham,West Ham,H,3,0,14,9,8,5,5,10,3,6,2,1,0,0,2.38,3.5,2.9
2023-12-10,Luton,Man City,A,1,0,4,18,2,6,16,6,6,3,2,1,0,0,17.0,8.0,1.14
2023-12-10,Tottenham,Newcastle,H,2,0,23,9,12,3,10,12,3,6,1,3,0,0,2.15,3.8,3.1
2023-12-15,Nott'm Forest,Tottenham,A,0,1,15,12,1,6,16,11,6,4,2,4,0,1,4.2,4.2,1.73
2023-12-16,Burnley,Everton,A,0,2,14,9,2,6,9,8,8,6,0,1,0,0,3.6,3.4,2.1
2023-12-16,Newcastle,Fulham,H,0,0,27,6,10,4,7,12,5,1,0,2,0,1,1.8,3.8,4.0
2023-12-16,Man City,Crystal Palace,D,1,0,19,5,9,2,12,9,6,1,1,1,0,0,1.18,8.0,13.0
2023-12-16,Chelsea,Sheffield United,H,0,0,15,6,6,1,9,14,7,6,1,3,0,0,1.22,6.5,13.0
2023-12-17,Arsenal,Brighton,H,0,0,26,6,9,1,11,9,10,1,1,3,0,0,1.44,5.0,6.0
2023-12-17,Brentford,Aston Villa,A,1,0,4,15,3,5,19,6,7,12,6,4,1,1,3.2,3.75,2.1
2023-12-17,West Ham,Wolves,H,2,0,13,14,4,3,12,15,6,6,3,1,0,0,2.15,3.5,3.3
2023-12-17,Liverpool,Man United,D,0,0,34,6,8,1,13,8,12,0,2,4,0,1,1.3,6.0,8.0
2023-12-21,Crystal Palace,Brighton,D,1,0,11,18,3,6,12,11,3,1,5,2,0,0,3.3,3.3,2.15
2023-12-22,Aston Villa,Sheffield United,D,0,0,12,5,4,2,11,16,9,1,3,3,0,0,1.22,6.5,12.0
2023-12-23,West Ham,Man United,H,0,0,12,11,5,3,13,15,4,4,2,3,0,0,2.6,3.6,2.6
2023-12-23,Fulham,Burnley,A,0,0,19,7,5,2,5,17,8,6,2,1,0,0,1.67,3.75,5.25
2023-12-23,Luton,Newcastle,H,1,0,16,15,5,2,11,5,6,7,2,1,0,0,4.75,4.2,1.65
2023-12-23,Nott'm Forest,Bournemouth,A,0,0,11,18,5,7,10,10,6,6,0,3,1,0,2.75,3.4,2.55
2023-12-23,Tottenham,Everton,H,2,0,13,18,6,8,6,18,3,8,1,4,0,0,1.75,4.2,4.0
2023-12-23,Liverpool,Arsenal,D,1,1,13,13,3,2,13,14,4,5,2,5,0,0,2.38,3.6,2.8
2023-12-24,Wolves,Chelsea,H,0,0,14,16,6,5,11,9,10,6,3,5,0,0,3.75,3.75,1.91
2023-12-26,Man United,Aston Villa,H,0,2,13,10,7,4,10,10,3,6,1,3,0,0,2.6,3.5,2.6
2023-12-26,Burnley,Liverpool,A,0,1,9,19,0,10,7,10,4,4,2,1,0,0,6.5,5.25,1.4
2023-12-26,Bournemouth,Fulham,H,1,0,16,8,4,3,10,10,6,5,0,2,0,0,2.15,3.6,3.2
2023-12-26,Sheffield United,Luton,A,0,1,21,12,6,4,13,13,9,4,5,0,0,0,2.3,3.3,3.1
2023-12-26,Newcastle,Nott'm Forest,A,1,1,19,15,7,6,10,11,10,2,3,3,0,0,1.5,4.33,5.75
2023-12-27,Brentford,Wolves,A,1,3,14,11,4,5,5,14,8,2,1,1,0,0,1.95,3.5,4.2
2023-12-27,Chelsea,Crystal Palace,H,1,1,9,13,4,5,13,16,4,3,3,2,0,0,1.67,4.0,5.0
2023-12-27,Everton,Man City,A,1,0,7,23,2,9,13,5,8,4,4,2,0,0,5.75,4.0,1.57
2023-12-28,Brighton,Tottenham,H,2,0,15,19,9,3,18,6,7,6,3,2,0,0,2.5,3.6,2.6
2023-12-28,Arsenal,West Ham,A,0,1,30,6,8,3,8,8,10,3,2,0,0,0,1.33,5.5,7.5
2023-12-30,Nott'm Forest,Man United,H,0,0,8,10,2,5,9,11,4,5,2,4,0,0,3.2,3.6,2.15
2023-12-30,Wolves,Everton,H,1,0,12,10,6,0,9,14,5,2,2,3,0,0,2.63,3.3,2.7
2023-12-30,Man City,Sheffield United,H,1,0,18,4,4,2,5,6,12,2,1,1,0,0,1.08,11.0,29.0
2023-12-30,Aston Villa,Burnley,H,2,1,19,9,7,5,9,14,6,2,4,1,0,1,1.36,5.25,7.5
2023-12-30,Luton,Chelsea,A,0,2,15,12,6,8,14,21,7,2,2,2,0,0,6.5,4.2,1.5
2023-12-30,Crystal Palace,Brentford,H,2,1,13,9,6,4,14,10,7,4,0,1,0,0,2.2,3.3,3.4
2023-12-31,Fulham,Arsenal,H,1,1,15,13,4,3,11,10,5,4,4,1,0,0,5.25,4.5,1.55
2023-12-31,Tottenham,Bournemouth,H,1,0,12,24,6,4,9,18,4,13,3,3,0,0,1.75,4.2,4.0
2024-01-01,Liverpool,Newcastle,H,0,0,34,5,15,3,16,15,7,3,3,5,0,0,1.45,4.5,7.0
2024-01-02,West Ham,Brighton,D,0,0,6,22,2,8,4,6,2,0,1,0,0,0,2.45,3.75,2.75
2024-01-12,Burnley,Luton,D,1,0,13,14,7,5,7,12,2,8,1,0,0,0,2.0,3.6,3.6
2024-01-13,Chelsea,Fulham,H,1,0,17,14,3,4,13,9,6,4,5,1,0,0,1.6,4.2,5.25
2024-01-13,Newcastle,Man City,A,2,1,12,27,5,11,7,7,3,13,1,2,0,0,5.5,4.33,1.55
2024-01-14,Everton,Aston Villa,D,0,0,10,16,2,5,13,14,4,5,1,4,0,0,2.8,3.5,2.45
2024-01-14,Man United,Tottenham,D,2,1,9,16,2,6,8,5,8,13,2,1,0,0,2.2,3.75,3.0
2024-01-20,Arsenal,Crystal Palace,H,2,0,21,12,6,5,8,12,6,7,0,0,0,0,1.3,5.75,9.0
2024-01-20,Brentford,Nott'm Forest,H,1,1,11,12,5,3,10,14,6,4,1,3,0,0,1.91,3.6,4.0
2024-01-21,Sheffield United,West Ham,D,1,1,21,16,6,5,11,10,4,1,3,1,1,1,3.4,3.3,2.2
2024-01-21,Bournemouth,Liverpool,A,0,0,11,14,1,7,9,12,8,5,1,2,0,0,4.2,4.5,1.7
2024-01-22,Brighton,Wolves,D,0,0,11,8,4,3,10,13,8,2,1,4,0,0,1.65,4.33,5.0
2024-01-30,Nott'm Forest,Arsenal,A,0,0,9,19,3,3,6,7,2,11,0,1,0,0,7.5,5.0,1.4
2024-01-30,Fulham,Everton,D,0,0,25,21,6,4,6,13,15,6,1,2,0,0,2.45,3.2,3.0
2024-01-30,Luton,Brighton,H,3,0,18,9,8,2,13,14,7,4,2,2,0,0,4.2,4.2,1.75
2024-01-30,Crystal Palace,Sheffield United,H,2,2,12,9,4,5,8,18,11,1,1,4,0,0,1.62,3.6,6.5
2024-01-30,Aston Villa,Newcastle,A,0,2,12,14,6,5,14,12,8,7,4,1,0,0,1.85,4.0,3.8
2024-01-31,Man City,Burnley,H,2,0,14,8,4,3,3,13,7,3,2,2,0,0,1.08,12.0,21.0
2024-01-31,Tottenham,Brentford,H,0,1,19,9,5,5,13,15,5,3,2,3,0,0,1.67,4.2,4.75
2024-01-31,Liverpool,Chelsea,H,2,0,28,4,13,3,15,16,8,1,2,4,0,0,1.57,4.33,5.25
2024-02-01,Wolves,Man United,A,0,2,16,21,7,8,10,10,4,5,2,5,0,0,2.63,3.6,2.55
2024-02-01,West Ham,Bournemouth,D,0,1,9,9,3,4,13,11,1,5,1,3,0,0,2.4,3.75,2.75
2024-02-03,Everton,Tottenham,D,1,2,14,9,5,6,8,14,9,5,3,0,0,0,3.0,3.6,2.25
2024-02-03,Brighton,Crystal Palace,H,3,0,13,7,6,5,8,14,3,2,1,3,0,0,1.7,4.0,4.75
2024-02-03,Burnley,Fulham,D,0,2,12,15,4,7,11,7,2,13,2,2,0,0,2.9,3.4,2.38
2024-02-03,Newcastle,Luton,D,2,2,19,11,6,8,13,16,8,2,2,2,0,0,1.44,4.75,6.5
2024-02-03,Sheffield United,Aston Villa,A,0,4,10,14,5,10,10,7,3,4,1,0,0,0,5.25,4.2,1.62
2024-02-04,Man United,West Ham,H,1,0,12,22,5,3,10,5,5,8,0,1,0,0,1.62,4.2,5.0
2024-02-04,Arsenal,Liverpool,H,1,1,15,10,7,1,11,11,2,4,6,2,0,1,2.2,3.6,3.1
2024-02-04,Bournemouth,Nott'm Forest,D,1,1,9,8,2,6,19,12,11,6,3,2,1,0,1.7,4.2,4.5
2024-02-04,Chelsea,Wolves,A,1,2,15,14,6,7,15,11,10,1,3,2,0,0,1.62,4.0,5.5
2024-02-05,Brentford,Man City,A,1,1,9,25,3,15,2,4,8,13,1,0,0,0,7.0,4.75,1.4
2024-02-10,Nott'm Forest,Newcastle,A,2,2,13,7,3,5,9,6,4,4,1,2,0,0,3.3,3.75,2.05
2024-02-10,Man City,Everton,H,0,0,19,5,3,1,6,11,9,0,0,2,0,0,1.18,8.0,13.0
2024-02-10,Fulham,Bournemouth,H,2,0,7,25,6,4,11,11,1,14,1,2,0,0,2.38,3.5,2.8
2024-02-10,Liverpool,Burnley,H,1,1,25,9,10,4,11,13,9,3,3,2,0,0,1.17,8.0,17.0
2024-02-10,Luton,Sheffield United,A,0,2,20,7,5,3,7,12,13,1,1,2,0,0,1.75,3.75,4.75
2024-02-10,Tottenham,Brighton,H,0,1,16,6,6,3,14,13,9,6,2,3,0,0,1.8,4.2,3.8
2024-02-10,Wolves,Brentford,A,0,1,17,9,5,6,11,9,7,4,2,3,0,0,2.1,3.6,3.4
2024-02-11,Aston Villa,Man United,A,0,1,23,17,10,5,9,7,10,8,3,2,0,0,2.15,3.75,3.1
2024-02-11,West Ham,Arsenal,A,0,4,5,25,1,12,17,11,2,6,4,0,0,0,6.0,4.33,1.53
2024-02-12,Crystal Palace,Chelsea,A,1,0,13,14,4,5,14,7,1,7,2,2,0,0,4.2,3.8,1.85
2024-02-17,Brentford,Liverpool,A,0,1,15,15,6,8,4,18,1,6,2,1,0,0,5.5,4.33,1.57
2024-02-17,Burnley,Arsenal,A,0,2,8,16,0,7,11,8,4,6,2,1,0,0,10.0,5.75,1.29
2024-02-17,Fulham,Aston Villa,A,0,1,15,12,4,3,11,6,4,4,5,2,0,0,2.9,3.75,2.2
2024-02-17,Newcastle,Bournemouth,D,0,0,17,12,5,7,9,22,4,2,1,3,0,0,1.83,4.2,3.75
2024-02-17,Nott'm Forest,West Ham,H,1,0,19,10,8,3,13,15,5,3,4,4,0,1,2.38,3.5,2.9
2024-02-17,Tottenham,Wolves,A,0,1,15,12,4,7,8,13,10,4,0,1,0,0,1.53,4.75,5.25
2024-02-17,Man City,Chelsea,D,0,1,31,9,5,6,7,12,12,1,1,3,0,0,1.33,5.5,8.0
2024-02-18,Sheffield United,Brighton,A,0,2,6,24,1,10,3,5,5,10,1,4,1,0,5.0,4.2,1.62
2024-02-18,Luton,Man United,A,1,2,22,21,4,9,7,21,8,6,3,5,0,0,4.0,4.0,1.8
2024-02-19,Everton,Crystal Palace,D,0,0,19,10,4,4,8,12,3,6,0,2,0,0,1.7,3.6,5.25
2024-02-20,Man City,Brentford,H,0,0,25,6,11,2,12,6,10,1,2,4,0,0,1.18,8.0,13.0
2024-02-21,Liverpool,Luton,H,0,1,29,12,13,3,15,14,13,4,1,4,0,0,1.2,7.0,13.0
2024-02-24,Arsenal,Newcastle,H,2,0,18,3,8,2,15,6,9,0,1,0,0,0,1.36,5.25,8.0
2024-02-24,Bournemouth,Man City,A,0,1,13,15,4,6,14,6,3,8,2,2,0,0,7.0,5.25,1.4
2024-02-24,Man United,Fulham,A,0,0,21,17,9,5,6,11,10,9,2,5,0,0,1.57,4.33,5.5
2024-02-24,Aston Villa,Nott'm Forest,H,3,1,16,10,6,3,7,16,7,2,1,2,0,0,1.53,4.5,5.75
2024-02-24,Brighton,Everton,D,0,0,23,6,7,3,9,14,11,3,2,3,1,0,1.83,3.8,4.2
2024-02-24,Crystal Palace,Burnley,H,0,0,15,2,6,0,8,13,12,3,3,1,0,1,1.95,3.5,4.0
2024-02-25,Wolves,Sheffield United,H,1,0,13,12,2,4,8,4,5,6,2,1,0,0,1.44,4.75,7.0
2024-02-26,West Ham,Brentford,H,2,1,17,14,6,8,5,9,1,7,1,2,0,0,2.5,3.5,2.75
2024-03-02,Brentford,Chelsea,D,0,1,14,17,5,6,10,9,0,6,3,1,0,0,3.1,3.75,2.15
2024-03-02,Everton,West Ham,A,0,0,22,12,11,5,9,6,4,5,1,2,0,0,2.05,3.6,3.5
2024-03-02,Fulham,Brighton,H,2,0,12,15,5,5,16,10,2,6,1,2,0,0,2.55,3.6,2.63
2024-03-02,Newcastle,Wolves,H,2,0,14,12,7,3,8,11,3,5,0,1,0,0,1.91,4.0,3.6
2024-03-02,Nott'm Forest,Liverpool,A,0,0,8,22,2,2,11,12,3,12,2,2,0,0,6.0,4.33,1.53
2024-03-02,Tottenham,Crystal Palace,H,0,0,14,4,6,1,7,16,11,1,1,2,0,0,1.5,4.33,6.5
2024-03-02,Luton,Aston Villa,A,0,2,13,12,5,8,8,19,8,6,1,4,0,0,4.33,4.2,1.73
2024-03-03,Burnley,Bournemouth,A,0,1,20,10,6,3,8,13,7,2,2,4,0,0,3.75,3.6,1.95
2024-03-03,Man City,Man United,H,0,1,27,3,8,1,5,10,15,2,0,1,0,0,1.25,5.75,11.0
2024-03-04,Sheffield United,Arsenal,A,0,5,4,22,0,10,11,4,0,7,1,0,0,0,17.0,7.0,1.18
2024-03-09,Arsenal,Brentford,H,1,1,17,9,6,4,9,10,10,4,2,4,0,0,1.22,7.0,11.0
2024-03-09,Wolves,Fulham,H,0,0,8,23,3,6,7,11,3,4,2,2,0,0,2.5,3.4,2.75
2024-03-09,Crystal Palace,Luton,D,1,0,21,8,4,2,20,11,8,6,2,3,0,0,1.75,3.8,4.2
2024-03-09,Bournemouth,Sheffield United,D,0,1,32,13,12,9,12,11,10,3,3,5,0,0,1.33,5.25,8.0
2024-03-09,Man United,Everton,H,2,0,15,23,8,6,13,11,5,8,1,2,0,0,1.83,3.6,4.0
2024-03-10,Aston Villa,Tottenham,A,0,0,10,9,1,5,11,15,6,4,0,2,1,0,2.38,4.0,2.6
2024-03-10,Brighton,Nott'm Forest,H,1,0,10,9,3,4,14,14,6,3,4,4,0,0,1.8,4.0,4.0
2024-03-10,West Ham,Burnley,D,0,2,22,11,4,4,11,18,4,4,2,4,0,0,1.67,4.0,4.75
2024-03-10,Liverpool,Man City,D,0,1,19,10,6,6,6,10,7,4,0,3,0,0,3.0,3.75,2.2
2024-03-11,Chelsea,Newcastle,H,1,1,12,11,8,3,12,7,0,4,3,1,0,0,1.91,4.0,3.6
2024-03-13,Bournemouth,Luton,H,0,3,24,8,10,4,16,11,11,3,1,2,0,0,1.5,4.75,5.75
2024-03-16,Burnley,Brentford,H,1,0,17,9,6,5,14,17,5,4,2,4,0,1,3.25,3.6,2.15
2024-03-16,Luton,Nott'm Forest,D,0,1,10,16,4,6,10,17,6,7,1,2,0,0,2.8,3.5,2.45
2024-03-16,Fulham,Tottenham,H,1,0,16,14,7,5,9,10,4,5,2,3,0,0,3.5,3.8,1.95
2024-03-17,West Ham,Aston Villa,D,1,0,13,13,5,5,13,12,7,11,3,3,0,0,2.63,3.75,2.45
2024-03-30,Aston Villa,Wolves,H,1,0,11,13,5,3,11,19,5,4,3,4,0,0,1.6,4.33,5.0
2024-03-30,Tottenham,Luton,H,0,1,17,7,4,3,16,14,3,6,2,4,0,0,1.2,8.0,11.0
2024-03-30,Brentford,Man United,D,0,0,31,11,5,5,7,14,14,4,2,2,0,0,3.0,3.8,2.2
2024-03-30,Sheffield United,Fulham,D,0,0,8,24,4,9,10,13,2,15,4,1,0,0,4.5,4.0,1.73
2024-03-30,Nott'm Forest,Crystal Palace,D,0,1,12,10,5,3,14,12,4,6,1,1,0,0,2.2,3.3,3.4
2024-03-30,Bournemouth,Everton,H,0,0,11,7,4,3,14,11,9,8,1,2,0,0,2.2,3.6,3.2
2024-03-30,Newcastle,West Ham,H,1,2,24,10,9,4,9,8,3,4,1,1,1,0,1.83,4.2,3.8
2024-03-30,Chelsea,Burnley,D,1,0,33,18,13,7,12,7,12,4,2,2,0,1,1.29,6.0,9.5
2024-03-31,Liverpool,Brighton,H,1,1,30,9,8,3,20,6,8,4,5,3,0,0,1.36,5.5,7.5
2024-03-31,Man City,Arsenal,D,0,0,12,6,1,2,9,20,7,4,0,2,0,0,1.91,3.8,3.8
2024-04-02,West Ham,Tottenham,D,1,1,11,13,4,4,13,9,9,5,1,4,0,0,3.3,4.2,1.95
2024-04-02,Bournemouth,Crystal Palace,H,0,0,11,3,6,2,13,14,9,2,3,2,0,0,1.95,3.8,3.6
2024-04-02,Burnley,Wolves,D,1,1,13,8,6,2,10,12,7,4,0,2,0,0,2.45,3.6,2.75
2024-04-02,Newcastle,Everton,D,1,0,18,10,6,3,9,14,7,3,0,3,0,0,2.0,3.75,3.5
2024-04-02,Nott'm Forest,Fulham,H,3,0,16,18,4,3,7,8,3,8,0,0,0,0,2.7,3.4,2.63
2024-04-03,Arsenal,Luton,H,2,0,13,5,4,1,12,8,3,1,1,1,0,0,1.1,10.0,19.0
2024-04-03,Brentford,Brighton,D,0,0,5,24,2,6,9,12,1,5,1,1,0,0,2.38,3.8,2.75
2024-04-03,Man City,Aston Villa,H,2,1,25,8,11,3,6,13,2,3,1,2,0,0,1.3,6.0,8.0
2024-04-04,Liverpool,Sheffield United,H,1,0,29,8,9,3,6,9,13,1,0,1,0,0,1.09,12.0,21.0
2024-04-04,Chelsea,Man United,H,2,2,28,19,10,5,7,15,12,3,3,0,0,0,2.0,4.0,3.4
2024-04-06,Wolves,West Ham,A,1,0,14,11,7,4,15,7,4,4,5,2,0,0,2.5,3.6,2.7
2024-04-06,Brighton,Arsenal,A,0,1,10,20,2,7,14,13,8,7,1,2,0,0,5.0,4.33,1.62
2024-04-06,Luton,Bournemouth,H,0,0,19,8,9,1,7,14,7,2,0,0,0,0,3.75,3.8,1.91
2024-04-06,Crystal Palace,Man City,A,1,1,7,18,4,8,13,3,2,9,1,1,0,0,9.5,5.25,1.33
2024-04-06,Everton,Burnley,H,1,0,12,6,3,1,11,13,3,5,2,1,0,1,1.65,4.0,5.25
2024-04-06,Aston Villa,Brentford,D,1,0,11,8,3,3,15,11,11,3,2,2,0,0,1.7,4.0,4.75
2024-04-06,Fulham,Newcastle,A,0,0,14,12,4,5,10,13,14,3,1,2,0,0,2.38,3.8,2.8
2024-04-07,Man United,Liverpool,D,0,1,9,28,5,7,9,10,6,11,5,2,0,0,4.75,4.5,1.6
2024-04-07,Sheffield United,Chelsea,D,1,1,11,6,6,3,12,10,7,6,4,2,0,0,7.0,5.25,1.4
2024-04-07,Tottenham,Nott'm Forest,H,1,1,17,13,7,6,11,12,12,2,2,3,0,0,1.4,5.5,6.5
2024-04-13,Newcastle,Tottenham,H,2,0,18,11,5,2,14,12,16,3,0,4,0,0,2.7,4.0,2.3
2024-04-13,Brentford,Sheffield United,H,0,0,9,8,5,2,8,11,3,6,3,1,0,0,1.44,5.0,6.5
2024-04-13,Burnley,Brighton,D,0,0,11,20,3,8,18,8,4,5,1,2,0,0,3.5,3.75,2.0
2024-04-13,Man City,Luton,H,1,0,33,4,13,2,7,6,12,1,1,0,0,0,1.1,11.0,19.0
2024-04-13,Nott'm Forest,Wolves,D,1,1,18,11,9,4,15,10,10,1,2,3,0,0,2.1,3.4,3.5
2024-04-13,Bournemouth,Man United,D,2,1,20,8,5,2,13,14,7,2,4,0,0,0,2.4,3.9,2.6
2024-04-14,Arsenal,Aston Villa,A,0,0,18,11,4,2,12,7,4,6,3,1,0,0,1.29,5.75,10.0
2024-04-14,West Ham,Fulham,A,0,1,15,18,4,10,6,13,8,3,1,2,0,0,2.38,3.6,2.8
2024-04-14,Liverpool,Crystal Palace,A,0,1,21,8,6,5,10,10,11,1,1,1,0,0,1.22,7.0,12.0
2024-04-15,Chelsea,Everton,H,4,0,14,10,10,2,5,21,4,8,1,4,0,0,1.7,4.2,4.5
2024-04-20,Luton,Brentford,A,0,2,6,21,3,9,13,9,4,9,1,2,0,0,3.1,3.75,2.15
2024-04-20,Sheffield United,Burnley,A,0,2,18,16,11,9,10,9,11,2,1,0,0,0,2.75,3.6,2.45
2024-04-20,Wolves,Arsenal,A,0,1,5,24,3,9,14,9,1,2,3,2,0,0,8.5,4.5,1.4
2024-04-21,Crystal Palace,West Ham,H,4,1,18,4,7,1,9,9,4,0,3,2,0,0,2.1,3.6,3.4
2024-04-21,Fulham,Liverpool,A,1,1,12,14,5,7,5,11,1,4,3,0,0,0,5.25,4.5,1.57
2024-04-21,Everton,Nott'm Forest,H,1,0,7,8,4,3,15,9,6,4,3,2,0,0,2.05,3.5,3.6
2024-04-21,Aston Villa,Bournemouth,H,1,1,14,14,4,6,8,14,8,4,1,3,0,0,1.85,4.0,3.6
2024-04-23,Arsenal,Chelsea,H,1,0,27,7,10,1,12,11,4,2,2,2,0,0,1.44,5.0,6.0
2024-04-24,Wolves,Bournemouth,A,0,1,15,21,4,6,10,17,8,12,4,1,0,1,2.7,3.6,2.5
2024-04-24,Crystal Palace,Newcastle,H,0,0,20,7,7,2,10,15,7,2,3,3,0,0,2.75,3.6,2.4
2024-04-24,Everton,Liverpool,H,1,0,16,23,6,7,6,13,4,13,0,3,0,0,7.0,5.0,1.4
2024-04-24,Man United,Sheffield United,H,1,1,25,10,13,4,7,9,9,4,0,1,0,0,1.3,6.5,7.5
2024-04-25,Brighton,Man City,A,0,3,7,14,3,6,10,3,4,4,2,0,0,0,6.5,5.0,1.4
2024-04-27,Everton,Brentford,H,0,0,18,10,1,4,10,12,6,6,1,2,0,0,2.3,3.5,3.0
2024-04-27,Aston Villa,Chelsea,D,2,0,9,21,4,5,13,14,2,4,3,5,0,0,2.15,3.8,3.0
2024-04-27,Wolves,Luton,H,1,0,13,9,5,6,14,14,4,4,3,1,0,0,1.95,3.8,3.6
2024-04-27,Fulham,Crystal Palace,D,0,0,9,14,2,4,11,15,5,9,0,2,0,0,2.1,3.5,3.5
2024-04-27,Man United,Burnley,D,0,0,27,16,10,7,7,11,6,5,1,3,0,0,1.5,4.75,5.5
2024-04-27,West Ham,Liverpool,D,1,0,11,28,8,8,8,10,5,8,0,2,0,0,5.5,5.0,1.5
2024-04-27,Newcastle,Sheffield United,H,1,1,20,15,7,5,9,10,4,5,0,0,0,0,1.22,7.0,11.0
2024-04-28,Bournemouth,Brighton,H,1,0,15,13,6,1,14,10,8,2,2,2,0,0,2.25,3.8,2.9
2024-04-28,Tottenham,Arsenal,A,0,3,14,9,2,3,12,16,8,6,2,1,0,0,4.2,4.2,1.75
2024-04-28,Nott'm Forest,Man City,A,0,1,14,11,2,5,8,6,4,5,0,0,0,0,8.0,6.0,1.3
2024-05-02,Chelsea,Tottenham,H,1,0,16,19,5,3,12,16,4,9,0,1,0,0,2.15,3.8,3.0
2024-05-03,Luton,Everton,D,1,1,18,10,5,3,14,12,8,7,1,3,0,0,2.6,3.6,2.55
2024-05-04,Man City,Wolves,H,3,0,20,2,12,1,4,17,6,0,0,4,0,0,1.08,12.0,21.0
2024-05-04,Arsenal,Bournemouth,H,1,0,25,7,9,2,16,12,6,1,2,3,0,0,1.22,7.5,11.0
2024-05-04,Brentford,Fulham,D,0,0,7,15,3,3,3,6,7,6,1,1,0,0,2.1,3.8,3.2
2024-05-04,Burnley,Newcastle,A,0,3,17,23,5,11,8,8,4,11,2,2,0,0,3.4,4.0,1.95
2024-05-04,Sheffield United,Nott'm Forest,A,1,1,17,15,5,4,9,7,5,3,0,1,1,0,4.75,4.2,1.65
2024-05-05,Liverpool,Tottenham,H,2,0,25,11,13,6,14,12,8,3,1,4,0,0,1.5,5.75,5.0
2024-05-05,Brighton,Aston Villa,H,0,0,15,2,8,1,13,10,7,3,2,1,0,0,2.75,3.75,2.45
2024-05-05,Chelsea,West Ham,H,3,0,25,13,14,2,12,10,8,6,1,3,0,0,1.65,4.5,4.5
2024-05-06,Crystal Palace,Man United,H,2,0,18,7,10,2,12,8,6,3,1,1,0,0,2.38,3.75,2.8
2024-05-11,Nott'm Forest,Chelsea,A,1,1,20,12,4,5,14,8,5,6,2,3,0,0,3.4,3.8,2.0
2024-05-11,Fulham,Man City,A,0,1,1,16,1,9,9,6,1,7,1,0,1,0,13.0,7.0,1.2
2024-05-11,Bournemouth,Brentford,A,0,0,13,11,4,5,16,12,3,8,2,2,0,0,1.95,4.0,3.5
2024-05-11,Everton,Sheffield United,H,1,0,15,13,6,1,6,11,3,6,1,2,0,0,1.4,4.8,7.5
2024-05-11,Newcastle,Brighton,D,1,1,18,15,7,4,9,16,8,4,3,4,0,0,1.57,4.75,4.75
2024-05-11,Tottenham,Burnley,H,1,1,21,7,9,3,10,14,9,3,3,5,0,0,1.36,5.75,7.0
2024-05-11,West Ham,Luton,H,0,1,24,4,8,1,9,15,7,6,1,3,0,0,1.8,4.2,3.8
2024-05-11,Wolves,Crystal Palace,A,0,2,13,13,7,3,13,12,8,3,3,2,0,1,2.88,3.5,2.38
2024-05-12,Man United,Arsenal,A,0,1,14,11,2,5,5,6,4,7,0,2,0,0,7.0,5.5,1.36
2024-05-13,Aston Villa,Liverpool,D,1,2,19,14,5,7,11,15,5,4,1,1,0,0,4.2,4.33,1.7
2024-05-14,Tottenham,Man City,A,0,0,10,8,5,5,14,11,7,4,3,3,0,0,6.5,6.0,1.36
2024-05-15,Man United,Newcastle,H,1,0,17,21,8,8,16,7,9,9,3,3,0,0,2.75,4.0,2.3
2024-05-15,Brighton,Chelsea,A,0,1,12,13,2,6,13,14,4,6,2,2,0,1,3.3,4.0,1.95
2024-05-19,Liverpool,Wolves,H,2,0,36,4,14,3,14,11,10,2,1,1,0,1,1.17,8.0,15.0
2024-05-19,Man City,West Ham,H,2,1,28,3,12,2,3,12,11,2,0,1,0,0,1.08,12.0,21.0
2024-05-19,Luton,Fulham,A,1,2,15,15,6,7,15,20,4,4,5,4,0,0,2.9,3.9,2.2
2024-05-19,Sheffield United,Tottenham,A,0,1,6,18,1,9,11,9,2,6,2,0,0,0,7.0,6.0,1.33
2024-05-19,Crystal Palace,Aston Villa,H,2,0,15,8,9,2,10,8,2,4,1,4,0,0,1.85,4.33,3.6
2024-05-19,Arsenal,Everton,H,1,1,26,5,5,2,8,11,8,1,4,3,0,0,1.18,8.0,12.0
2024-05-19,Burnley,Nott'm Forest,A,0,2,20,12,3,6,11,5,4,3,1,0,0,0,3.0,3.5,2.3
2024-05-19,Brighton,Man United,A,0,0,17,11,3,4,10,9,7,5,1,3,0,0,2.15,4.0,2.9
2024-05-19,Brentford,Newcastle,A,0,3,10,12,5,7,15,11,3,0,4,4,0,0,2.9,3.9,2.2
2024-05-19,Chelsea,Bournemouth,H,1,0,16,22,6,5,5,9,6,5,2,3,0,0,1.45,5.0,6.0
2024-08-16,Man United,Fulham,H,0,0,14,10,5,2,12,10,7,8,2,3,0,0,1.6,4.2,5.25
2024-08-17,Newcastle,Southampton,H,1,0,3,19,1,4,15,16,3,12,2,4,1,0,1.36,5.25,8.0
2024-08-17,Everton,Brighton,A,0,1,9,10,1,5,8,8,1,5,1,1,1,0,2.63,3.3,2.63
2024-08-17,Nott'm Forest,Bournemouth,D,1,0,14,13,8,4,17,8,2,6,1,3,0,0,2.45,3.5,2.8
2024-08-17,Ipswich,Liverpool,A,0,0,7,18,2,5,9,18,2,10,3,1,0,0,8.5,5.5,1.33
2024-08-17,Arsenal,Wolves,H,1,0,18,9,6,3,17,14,8,2,2,2,0,0,1.18,7.5,13.0
2024-08-17,West Ham,Aston Villa,A,1,1,14,15,3,3,18,11,5,3,1,2,0,0,2.45,3.6,2.75
2024-08-18,Chelsea,Man City,A,0,1,10,11,3,5,12,9,4,3,1,1,0,0,4.1,3.9,1.8
2024-08-18,Brentford,Crystal Palace,H,1,0,9,14,5,6,6,15,4,7,1,5,0,0,2.4,3.4,2.9
2024-08-19,Leicester,Tottenham,D,0,1,7,15,3,7,11,12,2,13,1,1,0,0,5.0,4.33,1.62
2024-08-24,Brighton,Man United,H,1,0,14,11,5,4,9,13,4,4,1,2,0,0,2.5,3.7,2.63
2024-08-24,Crystal Palace,West Ham,A,0,0,14,18,2,3,9,17,3,3,1,1,0,0,2.15,3.6,3.2
2024-08-24,Fulham,Leicester,H,1,1,18,10,6,4,14,13,7,5,2,2,0,0,1.8,3.75,4.2
2024-08-24,Man City,Ipswich,H,3,1,14,1,5,1,4,15,10,1,2,3,0,0,1.08,12.0,21.0
2024-08-24,Southampton,Nott'm Forest,A,0,0,5,23,1,8,14,14,4,10,3,3,0,0,2.55,3.3,2.8
2024-08-24,Tottenham,Everton,H,2,0,13,10,7,1,11,15,12,5,0,0,0,0,1.44,4.75,6.5
2024-08-24,Aston Villa,Arsenal,A,0,0,11,9,3,4,8,15,4,1,1,3,0,0,4.33,3.8,1.75
2024-08-25,Bournemouth,Newcastle,D,1,0,16,14,4,5,19,8,8,9,2,2,0,0,2.9,3.8,2.2
2024-08-25,Wolves,Chelsea,A,2,2,12,14,4,8,13,13,5,5,2,3,0,0,4.33,4.0,1.75
2024-08-25,Liverpool,Brentford,H,1,0,19,8,8,2,10,7,9,4,2,3,0,0,1.27,5.75,11.0
2024-08-31,West Ham,Man City,A,1,2,10,23,2,8,10,3,3,11,3,2,0,0,7.0,5.5,1.38
2024-08-31,Nott'm Forest,Wolves,D,1,1,16,11,5,3,15,18,7,3,3,4,0,0,2.0,3.7,3.7
2024-08-31,Leicester,Aston Villa,A,0,1,9,10,3,5,13,21,1,4,4,5,0,0,4.5,4.0,1.7
2024-08-31,Ipswich,Fulham,D,1,1,11,9,4,4,15,15,8,6,2,3,0,0,3.0,3.5,2.3
2024-08-31,Everton,Bournemouth,A,0,0,18,17,8,7,6,1,8,4,2,1,0,0,2.75,3.4,2.55
2024-08-31,Brentford,Southampton,H,1,0,20,18,7,6,10,7,2,8,2,1,0,0,1.75,3.9,4.33
2024-08-31,Arsenal,Brighton,D,1,0,11,22,7,4,12,7,3,7,3,2,1,0,1.33,5.5,8.5
2024-09-01,Chelsea,Crystal Palace,D,1,0,13,9,7,3,9,13,4,5,4,2,0,0,1.6,4.33,5.0
2024-09-01,Newcastle,Tottenham,H,1,0,9,20,3,6,16,13,7,12,4,4,0,0,2.5,4.0,2.5
2024-09-01,Man United,Liverpool,A,0,2,8,11,3,3,7,7,5,2,4,1,0,0,3.7,4.2,1.85
2024-09-14,Southampton,Man United,A,0,2,6,20,4,10,11,14,0,7,1,4,1,0,4.5,4.0,1.7
2024-09-14,Brighton,Ipswich,D,0,0,21,6,6,1,14,16,9,2,4,3,0,0,1.38,5.0,7.5
2024-09-14,Crystal Palace,Leicester,D,0,1,20,9,4,4,11,15,5,2,0,3,0,0,1.62,4.0,5.5
2024-09-14,Fulham,West Ham,D,1,0,21,11,5,3,15,18,3,2,2,3,0,0,2.38,3.25,3.0
2024-09-14,Liverpool,Nott'm Forest,A,0,0,14,5,5,3,15,6,7,2,4,4,0,0,1.22,6.5,12.0
2024-09-14,Man City,Brentford,H,2,1,18,8,7,5,9,3,12,3,3,1,0,0,1.18,8.0,12.0
2024-09-14,Aston Villa,Everton,H,1,2,17,6,8,2,10,12,6,2,1,4,0,0,1.5,4.2,6.5
2024-09-14,Bournemouth,Chelsea,A,0,0,19,10,7,3,16,9,6,3,6,8,0,0,3.4,3.8,2.0
2024-09-15,Wolves,Newcastle,A,1,0,12,14,5,6,17,6,4,7,3,3,0,0,3.4,3.5,2.1
2024-09-15,Tottenham,Arsenal,A,0,0,15,7,5,4,13,10,7,6,5,3,0,0,3.0,3.5,2.3
2024-09-21,West Ham,Chelsea,A,0,2,15,12,7,5,17,9,6,5,5,2,0,0,3.6,3.9,1.95
2024-09-21,Aston Villa,Wolves,H,0,1,9,10,4,4,11,16,6,5,3,6,0,0,1.57,4.2,5.25
2024-09-21,Fulham,Newcastle,H,2,0,22,15,11,4,16,8,6,0,6,0,0,0,3.0,3.4,2.4
2024-09-21,Leicester,Everton,D,0,1,12,16,2,5,11,12,6,1,1,2,0,0,2.45,3.4,2.88
2024-09-21,Liverpool,Bournemouth,H,3,0,19,19,13,6,10,12,3,9,1,4,0,0,1.3,6.25,9.0
2024-09-21,Southampton,Ipswich,D,1,0,11,13,3,6,16,16,2,10,4,4,0,0,2.25,3.5,3.2
2024-09-21,Tottenham,Brentford,H,2,1,23,6,10,6,11,9,9,4,3,1,0,0,1.55,4.5,5.5
2024-09-21,Crystal Palace,Man United,D,0,0,9,15,4,6,7,12,4,11,3,1,0,0,2.88,3.75,2.3
2024-09-22,Brighton,Nott'm Forest,D,2,1,14,4,3,3,12,11,9,1,3,4,0,1,1.75,3.75,4.75
2024-09-22,Man City,Arsenal,D,1,2,33,5,11,3,7,10,8,2,3,4,0,1,1.8,3.6,4.5
2024-09-28,Wolves,Liverpool,A,0,1,8,10,3,6,16,8,2,10,2,3,0,0,8.0,5.75,1.33
2024-09-28,Nott'm Forest,Fulham,A,0,0,11,14,1,2,11,15,6,5,2,4,0,0,2.38,3.3,3.0
2024-09-28,Chelsea,Brighton,H,4,2,15,15,7,5,11,8,8,2,3,2,0,0,1.73,4.2,4.2
2024-09-28,Everton,Crystal Palace,H,0,1,8,17,2,5,13,11,5,8,2,1,0,0,2.7,3.3,2.63
2024-09-28,Arsenal,Leicester,H,2,0,36,5,16,3,11,6,17,0,2,4,0,0,1.17,8.0,15.0
2024-09-28,Newcastle,Man City,D,0,1,11,16,4,6,14,10,5,6,4,4,0,0,5.25,4.33,1.6
2024-09-28,Brentford,West Ham,D,1,0,8,19,3,3,2,11,7,7,2,3,0,0,2.2,3.5,3.2
2024-09-29,Ipswich,Aston Villa,D,1,2,15,7,5,3,10,14,10,0,4,1,0,0,4.0,3.75,1.85
2024-09-29,Man United,Tottenham,A,0,1,11,24,2,10,16,14,5,3,5,3,1,0,2.35,3.75,2.75
2024-09-30,Bournemouth,Southampton,H,3,0,14,9,6,3,19,12,7,4,2,5,0,0,1.65,4.1,5.0
2024-10-05,Crystal Palace,Liverpool,A,0,1,9,16,5,4,7,15,3,8,4,2,0,0,6.0,4.5,1.5
2024-10-05,Arsenal,Southampton,H,0,0,29,8,6,2,10,9,13,1,0,3,0,0,1.14,9.0,17.0
2024-10-05,Brentford,Wolves,H,4,2,19,17,12,6,9,10,10,3,2,3,0,0,2.05,3.6,3.4
2024-10-05,Leicester,Bournemouth,H,1,0,6,17,2,2,12,14,0,9,4,1,0,0,3.1,3.75,2.15
2024-10-05,Man City,Fulham,H,1,1,20,11,7,4,4,10,8,3,2,1,0,0,1.25,7.0,9.5
2024-10-05,West Ham,Ipswich,H,2,1,23,9,13,2,12,6,5,5,0,1,0,0,1.8,3.8,4.33
2024-10-05,Everton,Newcastle,D,0,0,8,14,2,3,12,8,0,10,1,2,0,0,3.2,3.6,2.2
2024-10-06,Chelsea,Nott'm Forest,D,0,0,22,16,8,9,12,11,11,3,6,2,0,1,1.48,4.5,6.5
2024-10-06,Aston Villa,Man United,D,0,0,11,10,1,4,12,11,6,3,1,5,0,0,2.2,3.75,3.0
2024-10-06,Brighton,Tottenham,H,0,2,11,13,4,3,14,10,4,7,2,2,0,0,2.9,4.0,2.2
2024-10-19,Newcastle,Brighton,A,0,1,21,10,6,5,11,9,9,4,2,2,0,0,1.95,3.7,3.6
2024-10-19,Man United,Brentford,H,0,1,23,8,11,2,14,5,9,2,2,2,0,0,1.7,4.2,4.5
2024-10-19,Southampton,Leicester,A,2,0,14,18,7,4,10,10,10,6,5,3,1,0,2.3,3.5,3.0
2024-10-19,Fulham,Aston Villa,A,1,1,10,14,4,5,8,11,6,11,3,3,1,1,2.45,3.5,2.8
2024-10-19,Tottenham,West Ham,H,1,1,22,11,7,4,10,15,13,5,1,3,0,1,1.5,5.0,5.25
2024-10-19,Ipswich,Everton,A,0,2,13,11,2,8,12,10,5,8,1,1,0,0,2.38,3.3,3.0
2024-10-19,Bournemouth,Arsenal,H,0,0,13,6,4,1,12,11,7,4,1,1,0,1,5.0,3.9,1.65
2024-10-20,Liverpool,Chelsea,H,1,0,9,12,5,2,12,13,1,6,4,3,0,0,1.62,4.1,5.0
2024-10-20,Wolves,Man City,A,1,1,3,22,2,7,8,5,1,18,4,1,0,0,8.0,6.0,1.33
2024-10-21,Nott'm Forest,Crystal Palace,H,0,0,20,20,6,7,9,12,6,6,2,3,0,0,2.3,3.5,3.0
2024-10-25,Leicester,Nott'm Forest,A,1,1,11,20,1,5,16,9,6,7,5,2,0,0,3.0,3.3,2.4
2024-10-26,Aston Villa,Bournemouth,D,0,0,18,11,8,3,12,14,9,7,7,6,0,0,1.85,3.9,3.8
2024-10-26,Brentford,Ipswich,H,2,2,20,11,9,5,7,10,5,5,0,1,0,1,1.65,4.33,4.75
2024-10-26,Brighton,Wolves,D,1,0,19,14,6,7,12,10,9,6,3,3,0,0,1.62,4.5,4.5
2024-10-26,Man City,Southampton,H,1,0,22,5,8,2,9,9,12,1,1,3,0,0,1.11,10.0,17.0
2024-10-26,Everton,Fulham,D,0,0,10,14,5,3,8,8,4,2,1,0,0,0,2.75,3.25,2.63
2024-10-27,Chelsea,Newcastle,H,1,1,17,11,7,3,13,16,7,4,6,3,0,0,1.73,4.33,4.2
2024-10-27,Crystal Palace,Tottenham,H,1,0,14,11,6,3,16,12,8,8,4,4,0,0,3.9,4.0,1.83
2024-10-27,West Ham,Man United,H,0,0,12,18,3,5,6,7,6,5,5,1,0,0,2.88,3.75,2.3
2024-10-27,Arsenal,Liverpool,D,2,1,9,9,3,4,14,14,1,3,2,2,0,0,2.5,3.25,2.9
2024-11-02,Southampton,Everton,H,0,0,9,16,2,5,14,18,3,6,4,2,0,0,2.63,3.4,2.63
2024-11-02,Nott'm Forest,West Ham,H,1,0,19,4,6,2,7,9,11,6,1,2,0,1,2.15,3.5,3.4
2024-11-02,Liverpool,Brighton,H,0,1,16,13,8,5,10,18,10,7,1,1,0,0,1.4,5.0,7.5
2024-11-02,Wolves,Crystal Palace,D,0,0,11,19,6,7,7,9,3,6,1,2,0,0,2.5,3.4,2.88
2024-11-02,Bournemouth,Man City,H,1,0,12,18,6,4,11,6,3,10,2,1,0,0,5.5,4.2,1.57
2024-11-02,Newcastle,Arsenal,H,1,0,9,10,4,1,16,18,4,6,4,4,0,0,3.75,3.75,1.95
2024-11-02,Ipswich,Leicester,D,0,0,14,20,2,6,11,10,4,6,4,2,1,0,2.25,3.5,3.1
2024-11-03,Tottenham,Aston Villa,H,0,1,16,12,6,1,14,14,6,4,2,0,0,0,1.91,4.0,3.6
2024-11-03,Man United,Chelsea,D,0,0,11,12,4,3,19,14,4,8,6,2,0,0,2.6,3.5,2.6
2024-11-04,Fulham,Brentford,H,0,1,26,5,12,2,3,10,11,3,2,1,0,0,2.0,3.7,3.5
2024-11-09,Liverpool,Aston Villa,H,1,0,14,12,5,2,11,15,2,9,0,3,0,0,1.42,5.25,6.5
2024-11-09,Brighton,Man City,H,0,1,10,15,4,6,12,10,0,4,3,3,0,0,4.1,4.2,1.73
2024-11-09,Wolves,Southampton,H,1,0,8,9,4,0,14,12,1,9,1,4,0,0,1.91,3.75,3.75
2024-11-09,Crystal Palace,Fulham,A,0,1,13,17,5,7,10,11,1,8,1,1,1,0,2.7,3.5,2.55
2024-11-09,Brentford,Bournemouth,H,1,1,12,15,6,3,8,16,6,4,2,4,0,0,2.5,3.5,2.7
2024-11-09,West Ham,Everton,D,0,0,11,18,6,4,10,9,7,6,1,2,0,0,2.15,3.4,3.4
2024-11-10,Man United,Leicester,H,2,0,13,6,3,5,9,5,1,5,0,1,0,0,1.38,5.5,6.5
2024-11-10,Nott'm Forest,Newcastle,A,1,0,9,17,3,6,13,6,4,5,1,1,0,0,2.7,3.3,2.7
2024-11-10,Tottenham,Ipswich,A,0,2,17,8,5,3,10,19,12,2,1,5,0,0,1.25,6.5,9.0
2024-11-10,Chelsea,Arsenal,D,0,0,17,13,3,3,12,12,4,3,4,2,0,0,2.7,3.4,2.55
2024-11-23,Everton,Brentford,D,0,0,27,9,5,2,8,10,10,4,0,0,0,1,2.45,3.4,2.88
2024-11-23,Man City,Tottenham,A,0,2,23,9,5,7,19,9,9,3,4,2,0,0,1.48,4.75,6.0
2024-11-23,Bournemouth,Brighton,A,0,1,19,6,5,4,13,10,7,0,2,2,0,1,2.4,3.6,2.8
2024-11-23,Fulham,Wolves,A,1,1,10,10,3,5,14,14,7,2,3,0,0,0,1.62,4.0,5.25
2024-11-23,Arsenal,Nott'm Forest,H,1,0,19,7,7,0,10,1,8,1,3,2,0,0,1.38,4.75,9.0
2024-11-23,Aston Villa,Crystal Palace,D,1,2,17,13,5,6,10,11,10,1,3,2,0,0,1.62,4.0,5.5
2024-11-23,Leicester,Chelsea,A,0,1,4,16,1,7,15,12,2,9,4,3,0,0,6.5,4.75,1.44
2024-11-24,Southampton,Liverpool,A,1,1,7,27,5,11,11,9,3,10,3,4,0,0,11.0,5.75,1.27
2024-11-24,Ipswich,Man United,D,1,1,11,11,6,4,11,10,4,3,0,0,0,0,5.25,4.0,1.62
2024-11-25,Newcastle,West Ham,A,0,1,18,15,2,6,11,8,8,3,1,0,0,0,1.5,4.5,6.0
2024-11-29,Brighton,Southampton,D,1,0,22,10,5,2,20,16,7,6,2,4,0,0,1.38,5.0,7.5
2024-11-30,West Ham,Arsenal,A,2,5,12,16,5,7,10,13,2,10,4,1,0,0,7.0,4.5,1.45
2024-11-30,Nott'm Forest,Ipswich,H,0,0,12,7,5,3,5,16,8,7,1,3,0,0,1.7,3.8,4.75
2024-11-30,Wolves,Bournemouth,A,1,3,10,12,3,8,13,11,3,4,4,1,0,0,2.8,3.6,2.4
2024-11-30,Brentford,Leicester,H,3,1,13,7,6,3,9,10,5,4,1,1,0,0,1.65,4.2,4.75
2024-11-30,Crystal Palace,Newcastle,D,0,0,16,1,4,0,12,11,8,9,3,3,0,0,2.9,3.6,2.3
2024-12-01,Chelsea,Aston Villa,H,2,0,17,10,8,4,21,6,3,4,2,2,0,0,1.7,4.1,4.5
2024-12-01,Man United,Everton,H,2,0,11,8,5,2,12,12,2,2,2,3,0,0,1.53,4.2,6.0
2024-12-01,Tottenham,Fulham,D,0,0,8,14,3,6,4,14,7,11,0,1,0,1,1.7,4.5,4.1
2024-12-01,Liverpool,Man City,H,1,0,18,8,7,2,9,8,7,4,1,3,0,0,2.1,3.6,3.3
2024-12-03,Ipswich,Crystal Palace,A,0,0,9,13,2,3,14,13,4,7,2,4,0,0,3.0,3.4,2.35
2024-12-03,Leicester,West Ham,H,1,0,8,31,6,10,9,7,3,9,2,2,0,0,2.9,3.4,2.38
2024-12-04,Arsenal,Man United,H,0,0,14,5,6,2,12,8,13,0,1,3,0,0,1.44,4.5,7.0
2024-12-04,Aston Villa,Brentford,H,3,0,20,9,10,1,11,15,10,5,2,2,0,0,1.8,3.75,4.33
2024-12-04,Southampton,Chelsea,A,1,3,6,26,4,13,7,14,5,7,1,0,1,0,8.5,5.25,1.33
2024-12-04,Everton,Wolves,H,2,0,13,6,4,2,10,8,3,4,2,0,0,0,2.1,3.4,3.5
2024-12-04,Man City,Nott'm Forest,H,2,0,17,12,7,3,7,15,8,2,2,4,0,0,1.36,4.75,9.0
2024-12-04,Newcastle,Liverpool,D,1,0,17,16,6,5,9,17,5,6,2,5,0,0,4.2,4.0,1.75
2024-12-05,Fulham,Brighton,H,1,0,6,13,2,3,7,8,5,6,2,2,0,0,2.35,3.6,2.88
2024-12-05,Bournemouth,Tottenham,H,1,0,21,12,8,4,15,8,5,9,2,2,0,0,2.63,3.75,2.45
2024-12-07,Aston Villa,Southampton,H,1,0,18,4,5,0,18,15,14,1,1,3,0,0,1.36,5.5,7.0
2024-12-07,Brentford,Newcastle,H,2,2,11,16,8,3,10,7,3,4,3,0,0,0,2.88,3.75,2.3
2024-12-07,Crystal Palace,Man City,D,1,1,12,12,3,4,4,10,6,8,1,0,0,1,5.5,4.2,1.57
2024-12-07,Man United,Nott'm Forest,A,1,1,17,11,7,3,10,13,5,3,0,2,0,0,1.65,3.9,5.25
2024-12-08,Fulham,Arsenal,D,1,0,2,12,2,4,10,9,0,6,4,2,0,0,5.0,4.33,1.6
2024-12-08,Ipswich,Bournemouth,A,1,0,18,22,5,6,9,13,6,13,2,1,0,0,3.5,3.75,2.0
2024-12-08,Leicester,Brighton,D,0,1,10,16,3,7,9,10,5,5,1,2,0,0,4.5,3.8,1.73
2024-12-08,Tottenham,Chelsea,A,2,1,13,17,5,8,17,11,5,10,2,2,0,0,3.4,3.9,2.0
2024-12-09,West Ham,Wolves,H,0,0,19,19,4,5,12,17,11,0,5,4,0,0,1.9,3.9,3.75
2024-12-14,Nott'm Forest,Aston Villa,H,0,0,17,8,6,2,12,6,4,3,0,1,0,0,2.63,3.3,2.7
2024-12-14,Wolves,Ipswich,A,0,1,16,10,6,5,13,9,7,3,0,2,1,0,1.9,3.8,3.8
2024-12-14,Arsenal,Everton,D,0,0,13,2,5,0,6,9,8,2,0,3,0,0,1.22,6.5,12.0
2024-12-14,Liverpool,Fulham,D,0,1,16,12,4,3,10,7,5,4,3,4,1,0,1.33,5.5,8.0
2024-12-14,Newcastle,Leicester,H,1,0,27,4,11,1,7,16,5,2,3,3,0,0,1.3,6.0,8.5
2024-12-15,Brighton,Crystal Palace,A,0,2,17,13,5,5,11,15,8,5,1,4,0,0,1.85,3.8,3.9
2024-12-15,Man City,Man United,A,1,0,10,10,3,3,5,14,8,2,1,1,0,0,1.57,4.5,5.0
2024-12-15,Chelsea,Brentford,H,1,0,26,9,8,4,11,7,8,5,0,2,1,0,1.33,6.0,7.5
2024-12-15,Southampton,Tottenham,A,0,5,9,18,3,9,8,15,2,5,1,3,0,0,4.33,4.5,1.67
2024-12-16,Bournemouth,West Ham,D,0,0,29,16,9,3,6,11,12,6,0,2,0,0,1.7,4.0,4.75
2024-12-21,Aston Villa,Man City,H,1,0,11,12,6,6,14,7,5,4,3,3,0,0,3.25,3.7,2.1
2024-12-21,Brentford,Nott'm Forest,A,0,1,7,10,3,6,9,14,9,5,3,4,0,0,2.3,3.6,2.9
2024-12-21,Ipswich,Newcastle,A,0,3,10,15,2,7,9,7,2,1,2,0,0,0,4.75,3.75,1.73
2024-12-21,West Ham,Brighton,D,0,0,11,12,4,6,14,20,8,4,2,2,0,0,2.88,3.7,2.35
2024-12-21,Crystal Palace,Arsenal,A,1,3,15,14,6,6,9,8,3,3,2,2,0,0,6.25,4.2,1.55
2024-12-22,Tottenham,Liverpool,A,1,3,9,24,5,12,7,9,7,5,1,2,0,0,4.5,4.0,1.73
2024-12-22,Man United,Bournemouth,A,0,1,23,10,7,5,11,11,13,1,1,3,0,0,1.8,3.8,4.2
2024-12-22,Leicester,Wolves,A,0,3,9,8,5,4,15,16,6,1,2,0,0,0,2.55,3.4,2.7
2024-12-22,Fulham,Southampton,D,0,0,16,5,5,1,8,15,6,5,1,3,0,0,1.42,4.75,7.0
2024-12-22,Everton,Chelsea,D,0,0,5,12,4,5,20,12,2,5,4,1,0,0,5.0,4.2,1.62
2024-12-26,Man City,Everton,D,1,1,24,8,5,3,5,10,8,5,1,4,0,0,1.33,5.5,7.5
2024-12-26,Bournemouth,Crystal Palace,D,0,0,18,10,4,4,13,12,5,2,2,2,0,0,1.9,3.8,3.8
2024-12-26,Chelsea,Fulham,A,1,0,12,14,8,7,13,13,3,1,1,3,0,0,1.48,4.75,6.0
2024-12-26,Newcastle,Aston Villa,H,1,0,22,4,8,1,15,10,9,6,2,1,0,1,1.91,3.8,3.75
2024-12-26,Nott'm Forest,Tottenham,H,1,0,10,13,3,4,12,13,2,7,3,2,0,1,2.3,3.75,2.88
2024-12-26,Southampton,West Ham,A,0,0,18,16,5,2,15,8,2,2,1,2,0,0,3.25,3.5,2.2
2024-12-26,Wolves,Man United,H,0,0,7,11,4,4,12,12,4,4,2,2,0,1,3.9,3.7,1.91
2024-12-26,Liverpool,Leicester,H,1,1,19,4,7,1,17,5,14,1,3,2,0,0,1.08,12.0,23.0
2024-12-27,Brighton,Brentford,D,0,0,24,8,7,3,6,12,5,3,0,2,0,0,1.62,4.33,4.75
2024-12-27,Arsenal,Ipswich,H,1,0,13,3,5,0,7,12,5,1,1,1,0,0,1.14,9.0,15.0
2024-12-29,Tottenham,Wolves,D,2,1,13,11,3,3,9,10,5,5,1,2,0,0,1.6,5.0,4.2
2024-12-29,Fulham,Bournemouth,D,1,0,11,16,6,9,7,16,1,7,1,3,0,0,2.3,3.6,2.88
2024-12-29,West Ham,Liverpool,A,0,3,7,22,0,13,7,10,3,6,0,0,0,0,7.0,5.0,1.4
2024-12-29,Crystal Palace,Southampton,H,1,1,19,7,10,3,18,19,8,7,2,3,0,0,1.57,3.9,5.5
2024-12-29,Leicester,Man City,A,0,1,11,14,4,5,11,6,4,4,2,1,0,0,7.5,5.5,1.36
2024-12-29,Everton,Nott'm Forest,A,0,1,13,11,2,7,13,10,5,4,4,1,0,0,2.6,3.2,2.8
2024-12-30,Aston Villa,Brighton,D,1,1,20,13,4,4,9,14,12,3,2,3,0,0,1.9,3.8,3.6
2024-12-30,Ipswich,Chelsea,H,1,0,9,20,6,5,9,5,4,7,4,4,0,0,6.5,4.75,1.42
2024-12-30,Man United,Newcastle,A,0,2,10,12,0,4,13,8,2,3,1,1,0,0,2.75,3.5,2.55
2025-01-01,Brentford,Arsenal,A,1,1,5,14,2,5,6,8,4,3,1,2,0,0,6.5,4.75,1.44
2025-01-04,Brighton,Arsenal,D,0,1,11,9,4,3,17,14,2,5,2,3,0,0,4.33,3.75,1.8
2025-01-04,Southampton,Brentford,A,0,1,8,20,1,11,10,4,2,2,2,0,0,0,3.0,3.4,2.4
2025-01-04,Man City,West Ham,H,2,0,10,17,7,4,8,13,7,1,2,1,0,0,1.3,6.25,7.5
2025-01-04,Bournemouth,Everton,H,0,0,19,9,8,0,15,14,9,3,2,2,0,0,1.73,3.75,4.75
2025-01-04,Aston Villa,Leicester,H,0,0,13,4,5,2,10,11,7,2,0,1,0,0,1.33,5.5,8.5
2025-01-04,Tottenham,Newcastle,A,1,2,13,14,4,4,11,15,9,10,1,4,0,0,2.88,3.8,2.25
2025-01-04,Crystal Palace,Chelsea,D,0,1,13,15,6,1,9,12,6,6,0,2,0,0,3.8,3.75,1.91
2025-01-05,Fulham,Ipswich,D,0,1,15,7,4,3,10,14,9,2,1,5,0,0,1.55,4.2,5.75
2025-01-05,Liverpool,Man United,D,0,0,19,13,6,4,10,13,6,9,2,4,0,0,1.29,6.25,8.0
2025-01-06,Wolves,Nott'm Forest,A,0,2,13,11,6,3,10,8,5,3,1,2,0,0,3.3,3.2,2.3
2025-01-14,Nott'm Forest,Liverpool,D,1,0,6,23,3,7,7,10,0,9,2,1,0,0,5.25,4.1,1.62
2025-01-14,West Ham,Fulham,H,2,0,4,21,3,5,9,18,0,3,3,3,0,0,3.0,3.4,2.38
2025-01-14,Brentford,Man City,D,0,0,18,21,6,8,4,4,4,5,0,0,0,0,4.75,4.2,1.62
2025-01-14,Chelsea,Bournemouth,D,1,0,26,7,10,3,15,16,9,3,2,3,0,0,1.48,4.75,6.0
2025-01-15,Everton,Aston Villa,A,0,0,10,11,3,3,17,10,8,5,2,1,0,0,3.25,3.2,2.3
2025-01-15,Leicester,Crystal Palace,A,0,0,21,9,4,4,7,6,4,3,0,0,0,0,3.9,3.6,1.91
2025-01-15,Newcastle,Wolves,H,1,0,17,13,5,7,10,13,4,2,0,2,0,0,1.36,5.5,8.0
2025-01-15,Arsenal,Tottenham,H,2,1,14,10,4,2,16,9,10,4,3,1,0,0,1.4,5.25,7.0
2025-01-16,Ipswich,Brighton,A,0,0,5,11,3,5,13,14,1,9,2,2,0,0,3.9,3.7,1.91
2025-01-16,Man United,Southampton,H,0,1,23,13,9,5,7,10,5,4,1,3,0,0,1.29,6.0,9.5
2025-01-18,Newcastle,Bournemouth,A,1,2,13,19,5,10,7,18,7,6,1,6,0,0,1.62,4.2,5.0
2025-01-18,Brentford,Liverpool,A,0,0,11,37,6,8,6,14,2,15,2,3,0,0,6.5,5.0,1.42
2025-01-18,Leicester,Fulham,A,0,0,8,17,4,2,8,8,5,2,3,1,0,0,4.33,3.7,1.8
2025-01-18,West Ham,Crystal Palace,A,0,0,7,12,0,7,13,10,2,4,1,0,1,0,2.6,3.5,2.63
2025-01-18,Arsenal,Aston Villa,D,1,0,18,8,6,4,10,18,10,1,2,3,0,0,1.5,4.1,7.0
2025-01-19,Nott'm Forest,Southampton,H,3,0,14,10,5,4,4,18,2,8,0,4,0,0,1.38,4.75,8.0
2025-01-19,Everton,Tottenham,H,3,0,12,11,6,6,14,14,3,8,2,1,0,0,2.8,3.5,2.45
2025-01-19,Man United,Brighton,A,1,1,10,6,1,3,13,12,4,2,3,3,0,0,2.1,3.6,3.3
2025-01-19,Ipswich,Man City,A,0,3,8,17,4,9,4,7,4,7,0,1,0,0,7.5,5.25,1.36
2025-01-20,Chelsea,Wolves,H,1,1,19,9,7,4,8,14,3,6,4,2,0,0,1.36,5.75,6.5
2025-01-25,Bournemouth,Nott'm Forest,H,1,0,16,18,10,4,9,12,3,9,2,3,0,0,2.05,3.7,3.4
2025-01-25,Brighton,Everton,A,0,1,16,3,1,1,8,11,9,1,3,4,0,0,1.67,3.75,5.5
2025-01-25,Liverpool,Ipswich,H,3,0,16,3,6,3,10,11,3,4,0,2,0,0,1.08,12.0,15.0
2025-01-25,Southampton,Newcastle,A,1,2,12,17,5,9,10,5,3,8,1,0,0,0,6.5,5.25,1.42
2025-01-25,Wolves,Arsenal,A,0,0,9,9,4,3,20,10,1,5,0,1,1,1,7.0,4.5,1.45
2025-01-25,Man City,Chelsea,H,1,1,15,10,6,4,6,8,2,4,3,2,0,0,2.05,4.0,3.3
2025-01-26,Fulham,Man United,A,0,0,9,4,3,1,7,9,3,0,0,1,0,0,2.3,3.4,3.1
2025-01-26,Aston Villa,West Ham,D,1,0,14,14,4,4,13,16,4,3,2,3,0,0,1.53,4.33,5.75
2025-01-26,Crystal Palace,Brentford,A,0,0,16,13,5,6,8,11,4,7,2,2,0,0,2.05,3.75,3.3
2025-01-26,Tottenham,Leicester,A,1,0,15,12,6,3,6,16,6,4,1,5,0,0,1.45,5.5,5.5
2025-02-01,Wolves,Aston Villa,H,1,0,8,10,5,3,20,13,5,8,2,3,0,0,3.3,3.6,2.1
2025-02-01,Nott'm Forest,Brighton,H,3,0,14,10,9,5,8,13,4,6,1,3,0,0,2.38,3.5,2.8
2025-02-01,Bournemouth,Liverpool,A,0,1,14,19,3,7,15,9,3,3,2,3,0,0,4.5,4.33,1.67
2025-02-01,Everton,Leicester,H,3,0,13,9,7,1,7,13,5,6,0,0,0,0,1.75,3.75,4.5
2025-02-01,Ipswich,Southampton,A,1,1,15,9,6,4,11,14,1,2,0,3,0,0,1.95,3.6,3.8
2025-02-01,Newcastle,Fulham,A,1,0,11,15,4,4,10,15,4,7,4,4,0,0,1.7,4.0,4.75
2025-02-02,Arsenal,Man City,H,1,0,12,7,7,4,6,7,5,2,2,0,0,0,1.95,3.5,4.0
2025-02-02,Man United,Crystal Palace,A,0,0,17,11,2,3,12,13,11,0,3,1,0,0,2.0,3.5,3.8
2025-02-02,Brentford,Tottenham,A,0,1,20,13,4,2,4,11,10,3,0,1,0,0,2.1,3.9,3.2
2025-02-03,Chelsea,West Ham,H,0,1,22,14,3,5,11,10,4,3,3,1,0,0,1.36,4.75,8.0
2025-02-12,Everton,Liverpool,D,1,1,10,6,3,4,9,20,2,3,2,2,1,1,7.5,4.5,1.44
2025-02-14,Brighton,Chelsea,H,2,0,13,8,5,0,12,15,2,9,1,2,0,0,2.7,3.6,2.45
2025-02-15,Crystal Palace,Everton,A,0,1,17,11,6,6,9,12,6,2,0,1,0,0,1.8,3.4,5.0
2025-02-15,West Ham,Brentford,A,0,1,13,14,3,5,10,13,9,2,1,1,0,0,2.35,3.6,2.88
2025-02-15,Man City,Newcastle,H,3,0,11,3,7,1,5,13,7,4,0,1,0,0,1.95,4.2,3.3
2025-02-15,Southampton,Bournemouth,A,0,2,11,14,4,7,13,15,4,6,1,3,0,0,6.0,4.5,1.5
2025-02-15,Aston Villa,Ipswich,D,0,0,25,4,6,3,7,11,16,1,0,3,0,1,1.4,4.75,7.0
2025-02-15,Leicester,Arsenal,A,0,0,6,11,2,5,9,10,3,7,2,1,0,0,8.5,5.0,1.33
2025-02-15,Fulham,Nott'm Forest,H,1,1,24,8,10,2,13,8,8,4,0,0,0,0,2.2,3.4,3.3
2025-02-16,Liverpool,Wolves,H,2,0,10,16,3,4,15,13,4,3,2,2,0,0,1.15,8.0,12.0
2025-02-16,Tottenham,Man United,H,1,0,22,16,7,6,13,9,10,5,1,2,0,0,2.45,3.75,2.62
2025-02-19,Aston Villa,Liverpool,D,2,1,9,17,4,3,8,6,6,8,1,0,0,0,3.9,4.0,1.83
2025-02-21,Leicester,Brentford,A,0,3,8,14,3,6,10,10,5,6,4,0,0,0,3.6,3.8,1.91
2025-02-22,Southampton,Brighton,A,0,1,6,18,1,12,11,12,5,6,2,0,0,0,6.0,4.1,1.55
2025-02-22,Aston Villa,Chelsea,H,0,1,12,15,6,7,15,16,2,3,1,3,0,0,2.63,3.4,2.6
2025-02-22,Ipswich,Tottenham,A,1,2,17,10,5,6,15,14,4,4,2,1,0,0,4.1,3.6,1.9
2025-02-22,Everton,Man United,D,2,0,9,9,8,3,12,9,7,9,4,1,0,0,2.5,3.2,2.9
2025-02-22,Bournemouth,Wolves,A,0,1,8,13,3,5,17,9,6,7,3,3,1,0,1.53,4.5,5.5
2025-02-22,Arsenal,West Ham,A,0,1,20,5,2,2,16,15,2,0,1,3,1,0,1.27,6.0,10.0
2025-02-22,Fulham,Crystal Palace,A,0,1,10,10,0,5,10,7,7,7,1,3,0,0,2.05,3.4,3.7
2025-02-23,Newcastle,Nott'm Forest,H,4,1,13,17,5,5,11,13,7,6,1,4,0,0,1.8,3.8,4.2
2025-02-23,Man City,Liverpool,A,0,2,16,8,5,4,3,10,7,5,0,0,0,0,2.88,3.8,2.25
2025-02-25,Wolves,Fulham,A,1,1,18,11,5,5,8,15,7,5,1,3,0,0,2.63,3.3,2.63
2025-02-25,Chelsea,Southampton,H,3,0,19,7,10,2,6,9,4,2,1,2,0,0,1.17,8.0,13.0
2025-02-25,Brighton,Bournemouth,H,1,0,11,19,4,5,12,14,1,9,2,1,0,0,2.0,3.8,3.3
2025-02-25,Crystal Palace,Aston Villa,H,1,0,19,6,6,2,19,10,3,8,3,1,0,0,2.45,3.4,2.8
2025-02-26,Brentford,Everton,D,1,0,12,14,3,4,3,6,2,5,2,1,0,0,2.0,3.7,3.5
2025-02-26,Man United,Ipswich,H,2,2,10,12,6,3,9,16,5,6,4,4,1,0,1.53,4.33,6.0
2025-02-26,Nott'm Forest,Arsenal,D,0,0,6,13,2,1,10,17,3,11,1,1,0,0,3.9,3.6,1.95
2025-02-26,Tottenham,Man City,A,0,1,11,12,6,5,12,15,8,3,3,0,0,0,3.25,4.0,2.0
2025-02-26,Liverpool,Newcastle,H,1,0,12,3,3,0,12,11,4,2,0,1,0,0,1.5,4.5,5.75
2025-02-27,West Ham,Leicester,H,2,0,8,10,2,2,12,6,3,3,0,0,0,0,1.62,4.2,5.0
2025-03-08,Brentford,Aston Villa,A,0,0,13,12,3,4,10,5,6,5,2,2,0,0,2.2,3.8,2.9
2025-03-08,Wolves,Everton,D,1,1,11,12,3,4,11,16,5,5,2,2,0,0,2.6,3.1,2.88
2025-03-08,Liverpool,Southampton,H,0,1,28,6,7,4,10,9,6,4,2,1,0,0,1.1,9.0,19.0
2025-03-08,Nott'm Forest,Man City,H,0,0,9,14,4,3,9,7,3,2,3,2,0,0,4.0,3.75,1.85
2025-03-08,Brighton,Fulham,H,1,1,9,6,4,1,6,12,3,7,0,2,0,0,1.95,3.6,3.75
2025-03-08,Crystal Palace,Ipswich,H,0,0,19,15,4,8,8,7,5,4,4,3,0,0,1.45,4.75,6.25
2025-03-09,Chelsea,Leicester,H,0,0,20,3,7,3,12,13,12,2,1,0,0,0,1.18,8.0,12.0
2025-03-09,Tottenham,Bournemouth,D,0,1,12,17,4,8,15,16,3,6,3,3,0,0,2.7,3.9,2.35
2025-03-09,Man United,Arsenal,D,1,0,10,17,6,6,8,11,2,9,0,1,0,0,5.75,3.5,1.7
2025-03-10,West Ham,Newcastle,A,0,0,9,9,2,3,7,15,3,4,0,1,0,0,3.25,3.4,2.2
2025-03-15,Bournemouth,Brentford,A,1,1,17,10,5,4,13,7,4,3,3,0,0,0,1.73,4.2,4.2
2025-03-15,Everton,West Ham,D,0,0,13,10,5,5,12,8,6,5,1,2,0,0,2.05,3.2,3.9
2025-03-15,Ipswich,Nott'm Forest,A,0,3,11,11,4,6,4,13,6,3,1,1,0,0,3.75,3.5,2.0
2025-03-15,Man City,Brighton,D,2,1,11,15,3,3,10,10,4,5,2,5,0,0,1.67,4.33,4.5
2025-03-15,Southampton,Wolves,A,0,1,10,5,3,3,12,13,5,1,0,0,0,0,3.7,3.4,2.0
2025-03-16,Leicester,Man United,A,0,1,11,18,3,5,6,6,6,4,2,0,0,0,4.5,3.5,1.83
2025-03-16,Fulham,Tottenham,H,0,0,13,12,4,4,13,10,6,5,0,0,0,0,2.0,3.75,3.6
2025-03-16,Arsenal,Chelsea,H,1,0,12,8,4,2,10,13,5,4,3,3,0,0,1.8,3.6,4.5
2025-04-01,Arsenal,Fulham,H,1,0,17,9,4,3,2,10,5,4,1,2,0,0,1.48,4.33,7.0
2025-04-01,Wolves,West Ham,H,1,0,9,10,2,1,16,12,1,2,4,2,0,0,2.5,3.2,2.9
2025-04-01,Nott'm Forest,Man United,H,1,0,8,23,2,6,5,12,3,10,1,3,0,0,2.3,3.4,3.1
2025-04-02,Liverpool,Everton,H,0,0,17,5,3,0,7,11,11,5,2,2,0,0,1.36,5.0,8.0
2025-04-02,Newcastle,Brentford,H,1,0,21,12,4,3,12,12,4,5,1,1,0,0,1.73,4.5,4.0
2025-04-02,Southampton,Crystal Palace,D,1,0,8,9,2,3,14,9,2,2,2,1,0,0,5.75,3.8,1.62
2025-04-02,Brighton,Aston Villa,A,0,0,11,8,4,5,16,11,4,0,1,3,0,0,2.05,3.8,3.25
2025-04-02,Bournemouth,Ipswich,A,0,1,24,10,7,2,14,15,8,3,1,2,0,0,1.36,5.25,7.5
2025-04-02,Man City,Leicester,H,2,0,18,2,5,0,11,8,5,0,1,4,0,0,1.2,8.0,10.0
2025-04-03,Chelsea,Tottenham,H,0,0,11,8,5,2,7,16,4,6,5,5,0,0,1.65,4.5,4.5
2025-04-05,Everton,Arsenal,D,0,1,5,14,2,5,17,13,3,8,3,1,0,0,5.25,3.25,1.75
2025-04-05,Crystal Palace,Brighton,H,1,1,8,11,3,5,12,13,2,4,0,1,2,1,2.35,3.6,2.8
2025-04-05,Ipswich,Wolves,A,1,0,6,22,2,7,12,16,4,8,2,2,0,0,2.7,3.25,2.63
2025-04-05,West Ham,Bournemouth,D,0,1,9,11,3,4,13,13,4,7,2,2,0,0,3.0,3.5,2.3
2025-04-05,Aston Villa,Nott'm Forest,H,2,0,17,19,8,3,7,15,4,4,2,2,0,0,1.95,3.6,3.7
2025-04-06,Man United,Man City,D,0,0,13,9,2,5,13,9,5,3,3,2,0,0,3.4,3.6,2.1
2025-04-06,Tottenham,Southampton,H,2,0,13,12,8,4,16,20,4,1,1,1,0,0,1.38,5.5,6.5
2025-04-06,Brentford,Chelsea,D,0,0,9,21,2,5,12,12,3,6,1,3,0,0,3.2,3.6,2.15
2025-04-06,Fulham,Liverpool,H,3,1,12,14,6,6,10,9,4,4,3,0,0,0,4.5,3.5,1.83
2025-04-07,Leicester,Newcastle,A,0,3,7,16,2,5,8,9,12,2,2,0,0,0,6.5,4.2,1.48
2025-04-12,Man City,Crystal Palace,H,2,2,21,8,9,3,10,16,1,4,2,3,0,0,1.5,4.75,5.75
2025-04-12,Brighton,Leicester,D,1,1,21,15,7,6,9,11,3,6,2,5,0,0,1.29,6.0,10.0
2025-04-12,Nott'm Forest,Everton,A,0,0,10,13,5,5,9,13,1,7,0,3,0,0,2.1,3.3,3.7
2025-04-12,Southampton,Aston Villa,A,0,0,7,25,2,10,11,4,2,14,3,1,0,0,6.0,4.2,1.55
2025-04-12,Arsenal,Brentford,D,0,0,14,3,3,2,7,9,13,5,1,3,0,0,1.6,4.33,5.0
2025-04-13,Chelsea,Ipswich,D,0,2,34,13,9,4,11,7,15,4,2,2,0,0,1.27,7.0,8.5
2025-04-13,Liverpool,West Ham,H,1,0,15,11,6,4,15,8,10,3,0,2,0,0,1.3,6.0,8.0
2025-04-13,Wolves,Tottenham,H,2,0,13,11,5,4,12,15,1,4,1,2,0,0,2.2,3.6,3.1
2025-04-13,Newcastle,Man United,H,1,1,13,9,6,5,7,9,7,2,0,2,0,0,1.65,4.2,4.75
2025-04-14,Bournemouth,Fulham,H,1,0,12,12,3,7,11,10,6,9,3,2,0,0,2.15,3.5,3.3
2025-04-16,Newcastle,Crystal Palace,H,4,0,14,11,7,4,9,15,5,4,2,3,0,0,1.67,3.9,5.0
2025-04-19,Aston Villa,Newcastle,H,1,1,23,10,9,3,9,12,7,7,1,3,0,0,2.3,3.6,2.75
2025-04-19,West Ham,Southampton,D,0,0,12,15,4,4,14,13,2,5,2,1,0,0,1.48,4.33,6.5
2025-04-19,Crystal Palace,Bournemouth,D,0,0,5,15,0,4,13,10,5,4,3,4,1,0,2.45,3.6,2.63
2025-04-19,Brentford,Brighton,H,1,1,16,12,8,3,7,11,4,8,3,3,0,1,2.4,3.75,2.63
2025-04-19,Everton,Man City,A,0,0,8,12,3,7,7,6,2,5,4,0,0,0,3.7,3.6,1.91
2025-04-20,Fulham,Chelsea,A,1,0,6,13,1,8,13,9,6,4,1,3,0,0,2.7,3.7,2.35
2025-04-20,Ipswich,Arsenal,A,0,2,4,24,0,7,10,7,0,12,0,0,1,0,8.0,4.5,1.4
2025-04-20,Man United,Wolves,A,0,0,12,4,2,2,11,18,9,2,2,3,0,0,2.0,3.6,3.6
2025-04-20,Leicester,Liverpool,A,0,0,5,28,0,10,11,7,1,13,1,2,0,0,11.0,6.25,1.22
2025-04-21,Tottenham,Nott'm Forest,A,0,2,22,4,6,3,11,12,7,1,1,4,0,0,2.45,3.6,2.63
2025-04-22,Man City,Aston Villa,H,1,1,14,7,6,3,9,10,10,2,3,3,0,0,1.8,4.1,3.9
2025-04-23,Arsenal,Crystal Palace,D,2,1,12,15,6,4,4,6,3,6,1,1,0,0,1.4,4.75,7.5
2025-04-26,Chelsea,Everton,H,1,0,10,6,7,3,11,11,10,2,0,0,0,0,1.55,4.0,6.0
2025-04-26,Brighton,West Ham,H,1,0,16,12,9,4,7,9,8,1,1,1,0,0,1.67,4.2,4.75
2025-04-26,Newcastle,Ipswich,H,1,0,25,4,5,0,9,9,11,2,1,2,0,1,1.18,7.5,13.0
2025-04-26,Southampton,Fulham,A,1,0,7,26,3,5,10,12,0,13,1,1,0,0,5.25,4.0,1.6
2025-04-26,Wolves,Leicester,H,1,0,20,8,6,2,7,17,4,2,1,4,0,0,1.5,4.2,6.25
2025-04-27,Bournemouth,Man United,D,1,0,8,25,1,6,11,12,5,10,4,2,1,0,1.67,4.0,4.5
2025-04-27,Liverpool,Tottenham,H,3,1,25,8,8,3,16,9,8,2,2,1,0,0,1.25,6.0,11.0
2025-05-01,Nott'm Forest,Brentford,A,0,1,14,11,5,3,10,12,4,5,3,5,0,0,2.15,3.5,3.25
2025-05-02,Man City,Wolves,H,1,0,9,6,2,1,7,11,4,5,0,0,0,0,1.4,4.75,7.5
2025-05-03,Aston Villa,Fulham,H,1,0,10,11,3,3,6,17,5,3,0,5,0,0,1.77,3.75,4.5
2025-05-03,Everton,Ipswich,D,2,1,8,12,3,5,12,15,3,3,4,4,0,0,1.45,4.33,6.5
2025-05-03,Leicester,Southampton,H,2,0,14,8,4,2,12,13,7,7,1,3,0,0,2.3,3.6,2.88
2025-05-03,Arsenal,Bournemouth,A,1,0,13,9,4,2,7,16,2,3,0,2,0,0,2.05,3.7,3.4
2025-05-04,Brentford,Man United,H,2,1,12,14,6,5,8,10,7,4,0,2,0,0,1.65,4.1,4.75
2025-05-04,Brighton,Newcastle,D,1,0,5,13,2,5,15,10,1,4,2,1,0,0,2.88,3.7,2.3
2025-05-04,West Ham,Tottenham,D,1,1,11,7,2,2,18,15,1,3,2,2,0,0,2.1,3.7,3.25
2025-05-04,Chelsea,Liverpool,H,1,0,17,11,7,2,10,11,3,6,2,2,0,0,2.15,3.7,3.1
2025-05-05,Crystal Palace,Nott'm Forest,D,0,0,20,12,3,4,9,15,7,4,3,8,0,0,2.25,3.4,3.2
2025-05-10,Wolves,Brighton,A,0,1,10,7,3,2,8,12,7,4,1,1,0,0,2.7,3.5,2.5
2025-05-10,Southampton,Man City,D,0,0,2,26,0,5,9,8,1,15,2,0,0,0,11.0,7.5,1.2
2025-05-10,Bournemouth,Aston Villa,A,0,1,10,6,4,3,19,12,10,0,4,3,0,1,2.4,3.6,2.75
2025-05-10,Fulham,Everton,A,1,1,18,11,6,7,15,9,5,5,1,0,0,0,1.82,3.4,4.5
2025-05-10,Ipswich,Brentford,A,0,1,11,15,4,5,6,12,5,6,2,4,0,0,5.0,4.0,1.65
2025-05-11,Nott'm Forest,Leicester,D,1,1,15,10,4,6,11,11,4,4,3,3,0,0,1.33,5.25,8.0
2025-05-11,Tottenham,Crystal Palace,A,0,1,8,23,1,10,12,10,4,8,1,1,0,0,2.63,3.6,2.5
2025-05-11,Newcastle,Chelsea,H,1,0,15,10,6,3,9,13,2,8,4,2,0,1,2.1,3.75,3.1
2025-05-11,Man United,West Ham,A,0,1,20,9,5,4,3,13,8,5,0,1,0,0,1.9,3.6,4.0
2025-05-11,Liverpool,Arsenal,D,2,0,14,15,5,7,13,10,3,1,1,1,0,1,2.0,3.6,3.6
